-- phpMyAdmin SQL Dump
-- version 5.0.1
-- https://www.phpmyadmin.net/
--
-- Host: 127.0.0.1
-- Generation Time: Mar 06, 2020 at 10:51 AM
-- Server version: 10.4.11-MariaDB
-- PHP Version: 7.4.2

SET SQL_MODE = "NO_AUTO_VALUE_ON_ZERO";
SET AUTOCOMMIT = 0;
START TRANSACTION;
SET time_zone = "+00:00";


/*!40101 SET @OLD_CHARACTER_SET_CLIENT=@@CHARACTER_SET_CLIENT */;
/*!40101 SET @OLD_CHARACTER_SET_RESULTS=@@CHARACTER_SET_RESULTS */;
/*!40101 SET @OLD_COLLATION_CONNECTION=@@COLLATION_CONNECTION */;
/*!40101 SET NAMES utf8mb4 */;

--
-- Database: `fs`
--

-- --------------------------------------------------------

--
-- Table structure for table `accounts`
--

CREATE TABLE `accounts` (
  `id` int(10) UNSIGNED NOT NULL,
  `name` varchar(191) COLLATE utf8mb4_unicode_ci NOT NULL,
  `created_at` timestamp NULL DEFAULT NULL,
  `updated_at` timestamp NULL DEFAULT NULL
) ENGINE=InnoDB DEFAULT CHARSET=utf8mb4 COLLATE=utf8mb4_unicode_ci;

-- --------------------------------------------------------

--
-- Table structure for table `account_payables`
--

CREATE TABLE `account_payables` (
  `id` int(10) UNSIGNED NOT NULL,
  `person_id` int(10) UNSIGNED NOT NULL,
  `amount` double(8,2) NOT NULL,
  `created_at` timestamp NULL DEFAULT NULL,
  `updated_at` timestamp NULL DEFAULT NULL
) ENGINE=InnoDB DEFAULT CHARSET=utf8mb4 COLLATE=utf8mb4_unicode_ci;

--
-- Dumping data for table `account_payables`
--

INSERT INTO `account_payables` (`id`, `person_id`, `amount`, `created_at`, `updated_at`) VALUES
(1, 5, 51600.00, '2019-11-11 06:22:36', '2019-11-11 06:22:36'),
(2, 6, 13850.00, '2019-11-11 06:26:44', '2019-11-11 06:26:44'),
(3, 6, 24200.00, '2019-11-11 06:33:25', '2019-11-11 06:33:25'),
(4, 5, 132000.00, '2019-11-12 09:53:00', '2019-11-12 09:53:00'),
(5, 6, 147.00, '2019-11-15 05:59:26', '2019-11-15 05:59:26'),
(6, 5, 2300.00, '2019-11-30 06:39:37', '2019-11-30 06:39:37'),
(7, 6, 70480.00, '2019-12-01 06:44:25', '2019-12-01 06:44:25'),
(8, 5, 10000.00, '2019-12-03 06:18:50', '2019-12-03 06:18:50'),
(9, 5, 12400.00, '2019-12-04 06:23:20', '2019-12-04 06:23:20'),
(10, 5, 17000.00, '2019-12-04 07:05:59', '2019-12-04 07:05:59'),
(11, 5, 171000.00, '2019-12-04 07:11:43', '2019-12-04 07:11:43'),
(12, 5, 297.00, '2019-12-04 10:19:13', '2019-12-04 10:19:13'),
(13, 5, 22.00, '2019-12-04 10:32:44', '2019-12-04 10:32:44'),
(14, 5, 288.00, '2019-12-05 06:18:21', '2019-12-05 06:18:21'),
(15, 5, 360.00, '2019-12-05 06:21:16', '2019-12-05 06:21:16'),
(16, 5, 3560.00, '2019-12-07 05:38:45', '2019-12-07 05:38:45'),
(17, 5, 39225.00, '2019-12-07 05:53:06', '2019-12-07 05:53:06'),
(18, 5, 39225.00, '2019-12-07 05:53:37', '2019-12-07 05:53:37'),
(19, 5, 25650.00, '2019-12-07 06:15:34', '2019-12-07 06:15:34'),
(20, 5, 61300.00, '2019-12-08 10:46:35', '2019-12-08 10:46:35'),
(21, 5, 61300.00, '2019-12-08 10:48:55', '2019-12-08 10:48:55'),
(22, 5, 61300.00, '2019-12-08 10:50:18', '2019-12-08 10:50:18'),
(23, 6, 185990.00, '2019-12-09 02:30:32', '2019-12-09 02:30:32'),
(24, 5, -50000.00, '2019-12-19 05:36:18', '2019-12-19 05:36:18'),
(25, 5, -50000.00, '2019-12-19 05:37:49', '2019-12-19 05:37:49'),
(26, 5, -88000.00, '2019-12-19 05:38:22', '2019-12-19 05:38:22'),
(27, 6, -4667.00, '2019-12-19 05:50:50', '2019-12-19 05:50:50'),
(28, 6, -4667.00, '2019-12-19 05:54:52', '2019-12-19 05:54:52'),
(29, 5, -827.00, '2019-12-19 06:02:34', '2019-12-19 06:02:34'),
(30, 6, -5333.00, '2019-12-19 06:07:19', '2019-12-19 06:07:19'),
(31, 5, -10000.00, '2020-01-11 06:24:45', '2020-01-11 06:24:45'),
(32, 6, -210.00, '2020-01-11 06:25:03', '2020-01-11 06:25:03'),
(33, 5, -790.00, '2020-01-11 06:25:22', '2020-01-11 06:25:22'),
(34, 7, 44550.00, '2020-02-16 05:46:46', '2020-02-16 05:46:46'),
(35, 5, 94250.00, '2020-02-17 09:51:33', '2020-02-17 09:51:33'),
(36, 5, 55500.00, '2020-02-17 10:06:01', '2020-02-17 10:06:01'),
(37, 5, 54250.00, '2020-02-27 06:46:29', '2020-02-27 06:46:29'),
(38, 5, 180550.00, '2020-02-27 12:53:02', '2020-02-27 12:53:02'),
(39, 6, 328100.00, '2020-03-06 09:06:52', '2020-03-06 09:06:52');

-- --------------------------------------------------------

--
-- Table structure for table `account_receivables`
--

CREATE TABLE `account_receivables` (
  `id` int(10) UNSIGNED NOT NULL,
  `customer_id` int(10) UNSIGNED NOT NULL,
  `amount` double(8,2) NOT NULL,
  `created_at` timestamp NULL DEFAULT NULL,
  `updated_at` timestamp NULL DEFAULT NULL
) ENGINE=InnoDB DEFAULT CHARSET=utf8mb4 COLLATE=utf8mb4_unicode_ci;

--
-- Dumping data for table `account_receivables`
--

INSERT INTO `account_receivables` (`id`, `customer_id`, `amount`, `created_at`, `updated_at`) VALUES
(1, 2, 35210.00, '2019-12-16 05:18:35', '2019-12-16 05:18:35'),
(2, 1, 15810.00, '2020-02-17 05:50:48', '2020-02-17 05:50:48'),
(3, 1, 15810.00, '2020-02-17 05:50:48', '2020-02-17 05:50:48'),
(4, 1, 15810.00, '2020-02-17 05:50:49', '2020-02-17 05:50:49'),
(5, 1, 15810.00, '2020-02-17 05:50:49', '2020-02-17 05:50:49'),
(6, 3, 22800.00, '2020-02-17 09:44:29', '2020-02-17 09:44:29'),
(7, 6, 6900.00, '2020-02-17 10:08:54', '2020-02-17 10:08:54');

-- --------------------------------------------------------

--
-- Table structure for table `banks`
--

CREATE TABLE `banks` (
  `id` int(10) UNSIGNED NOT NULL,
  `bank_id` int(10) UNSIGNED NOT NULL,
  `amount` double(8,2) NOT NULL,
  `created_at` timestamp NULL DEFAULT NULL,
  `updated_at` timestamp NULL DEFAULT NULL
) ENGINE=InnoDB DEFAULT CHARSET=utf8mb4 COLLATE=utf8mb4_unicode_ci;

--
-- Dumping data for table `banks`
--

INSERT INTO `banks` (`id`, `bank_id`, `amount`, `created_at`, `updated_at`) VALUES
(1, 1, 500000.00, '2020-02-28 05:51:54', '2020-02-28 05:51:54'),
(2, 1, 500000.00, '2020-02-28 05:54:43', '2020-02-28 05:54:43'),
(3, 1, -550000.00, '2020-02-28 06:01:47', '2020-02-28 06:01:47'),
(4, 2, 350000.00, '2020-02-28 09:28:03', '2020-02-28 09:28:03'),
(5, 3, 80000.00, '2020-02-28 09:28:22', '2020-02-28 09:28:22'),
(6, 4, 50000.00, '2020-02-28 09:30:18', '2020-02-28 09:30:18');

-- --------------------------------------------------------

--
-- Table structure for table `bank_details`
--

CREATE TABLE `bank_details` (
  `id` int(10) UNSIGNED NOT NULL,
  `bank_name` varchar(191) COLLATE utf8mb4_unicode_ci NOT NULL,
  `account_name` varchar(191) COLLATE utf8mb4_unicode_ci NOT NULL,
  `account_number` varchar(191) COLLATE utf8mb4_unicode_ci NOT NULL,
  `branch` varchar(191) COLLATE utf8mb4_unicode_ci NOT NULL,
  `address` varchar(191) COLLATE utf8mb4_unicode_ci NOT NULL,
  `phone` varchar(191) COLLATE utf8mb4_unicode_ci NOT NULL,
  `created_at` timestamp NULL DEFAULT NULL,
  `updated_at` timestamp NULL DEFAULT NULL
) ENGINE=InnoDB DEFAULT CHARSET=utf8mb4 COLLATE=utf8mb4_unicode_ci;

--
-- Dumping data for table `bank_details`
--

INSERT INTO `bank_details` (`id`, `bank_name`, `account_name`, `account_number`, `branch`, `address`, `phone`, `created_at`, `updated_at`) VALUES
(1, 'Pubali Bank Limited', 'Faysal Store', '0193784675868', 'Ferighat Road', 'Chitagong', '01432098734', '2020-02-24 10:05:34', '2020-02-24 10:05:34'),
(2, 'Al-Arafa Bank Limited', 'Robiul Islam', '82749845750', 'VJ School road, Chuadanga', 'VJ School road, Chuadanga', '01711234321', '2020-02-24 10:15:23', '2020-02-24 10:15:23'),
(3, 'Islami Bank Limited', 'Faysal Store', '101001019128', 'thana road', 'thana road, Chuadanga', '01711234321', '2020-02-25 06:09:10', '2020-02-25 06:09:10'),
(4, 'Datch Bangla bank', 'Faisal', '01981736364', 'Ferighat Road', 'Ferighat, Road, Chuadanga', '01912346598', '2020-02-28 09:29:54', '2020-02-28 09:29:54');

-- --------------------------------------------------------

--
-- Table structure for table `cashes`
--

CREATE TABLE `cashes` (
  `id` int(10) UNSIGNED NOT NULL,
  `transaction_id` int(10) UNSIGNED NOT NULL,
  `amount` decimal(10,2) NOT NULL,
  `balance` decimal(10,2) NOT NULL,
  `created_at` timestamp NULL DEFAULT NULL,
  `updated_at` timestamp NULL DEFAULT NULL
) ENGINE=InnoDB DEFAULT CHARSET=utf8mb4 COLLATE=utf8mb4_unicode_ci;

--
-- Dumping data for table `cashes`
--

INSERT INTO `cashes` (`id`, `transaction_id`, `amount`, `balance`, `created_at`, `updated_at`) VALUES
(1, 1, '0.00', '250000.00', '2019-11-13 06:50:30', '2019-11-13 06:50:31'),
(2, 3, '49900.00', '200100.00', '2019-11-13 11:11:22', '2019-11-13 11:11:22'),
(3, 3, '6170.00', '243830.00', '2019-11-13 11:12:52', '2019-11-13 11:12:52'),
(5, 3, '20000.00', '223830.00', '2019-11-14 06:33:57', '2019-11-14 06:33:57'),
(6, 3, '29300.00', '194530.00', '2019-11-14 06:39:33', '2019-11-14 06:39:33'),
(7, 3, '11050.00', '183480.00', '2019-11-15 05:11:30', '2019-11-15 05:11:30'),
(8, 3, '11050.00', '172430.00', '2019-11-15 05:12:05', '2019-11-15 05:12:05'),
(9, 3, '1640.00', '170790.00', '2019-11-15 05:17:10', '2019-11-15 05:17:10'),
(10, 3, '820.00', '169970.00', '2019-11-15 05:34:24', '2019-11-15 05:34:24'),
(11, 3, '820.00', '169150.00', '2019-11-15 05:35:27', '2019-11-15 05:35:27'),
(12, 3, '2430.00', '166720.00', '2019-11-15 05:45:16', '2019-11-15 05:45:16'),
(13, 3, '2430.00', '164290.00', '2019-11-15 05:45:31', '2019-11-15 05:45:31'),
(14, 3, '3250.00', '161040.00', '2019-11-15 05:49:03', '2019-11-15 05:49:03'),
(15, 3, '3250.00', '157790.00', '2019-11-15 05:49:55', '2019-11-15 05:49:55'),
(16, 3, '702.00', '157088.00', '2019-11-15 08:47:01', '2019-11-15 08:47:01'),
(17, 3, '86.00', '157002.00', '2019-11-15 09:01:40', '2019-11-15 09:01:40'),
(18, 3, '159.00', '156843.00', '2019-11-15 09:02:58', '2019-11-15 09:02:58'),
(19, 3, '102.00', '156741.00', '2019-11-15 09:03:54', '2019-11-15 09:03:54'),
(20, 3, '1462.00', '155279.00', '2019-11-15 09:05:39', '2019-11-15 09:05:39'),
(21, 3, '172.00', '155107.00', '2019-11-15 09:08:37', '2019-11-15 09:08:37'),
(22, 3, '2700.00', '152407.00', '2019-11-15 09:11:36', '2019-11-15 09:11:36'),
(23, 3, '215.00', '152192.00', '2019-11-15 09:14:48', '2019-11-15 09:14:48'),
(24, 3, '156.00', '152036.00', '2019-11-15 09:18:50', '2019-11-15 09:18:50'),
(25, 3, '915.00', '151121.00', '2019-11-15 09:21:25', '2019-11-15 09:21:25'),
(26, 3, '915.00', '150206.00', '2019-11-15 09:23:36', '2019-11-15 09:23:36'),
(27, 3, '915.00', '149291.00', '2019-11-15 09:27:34', '2019-11-15 09:27:34'),
(28, 3, '915.00', '148376.00', '2019-11-15 09:32:47', '2019-11-15 09:32:47'),
(29, 3, '915.00', '147461.00', '2019-11-15 09:33:07', '2019-11-15 09:33:07'),
(30, 3, '48.00', '147413.00', '2019-11-15 16:43:14', '2019-11-15 16:43:14'),
(31, 3, '48.00', '147365.00', '2019-11-15 16:43:38', '2019-11-15 16:43:38'),
(32, 3, '55.00', '147310.00', '2019-11-15 16:44:57', '2019-11-15 16:44:57'),
(33, 3, '33.00', '147277.00', '2019-11-15 16:46:53', '2019-11-15 16:46:53'),
(34, 3, '1.00', '147276.00', '2019-11-15 16:48:08', '2019-11-15 16:48:08'),
(35, 3, '1.00', '147275.00', '2019-11-15 16:54:06', '2019-11-15 16:54:06'),
(36, 3, '1.00', '147274.00', '2019-11-15 16:54:47', '2019-11-15 16:54:47'),
(37, 3, '1.00', '147273.00', '2019-11-15 16:55:19', '2019-11-15 16:55:19'),
(38, 3, '593.00', '146680.00', '2019-11-16 05:23:31', '2019-11-16 05:23:31'),
(39, 3, '593.00', '146087.00', '2019-11-16 05:25:09', '2019-11-16 05:25:09'),
(40, 3, '770.00', '145317.00', '2019-11-16 05:26:09', '2019-11-16 05:26:09'),
(41, 3, '27330.00', '117987.00', '2019-11-16 05:29:36', '2019-11-16 05:29:36'),
(42, 3, '12.00', '117975.00', '2019-11-16 05:32:52', '2019-11-16 05:32:52'),
(43, 3, '12.00', '117963.00', '2019-11-16 05:33:31', '2019-11-16 05:33:31'),
(44, 3, '99.00', '117864.00', '2019-11-16 05:42:00', '2019-11-16 05:42:00'),
(45, 3, '780.00', '117084.00', '2019-11-16 05:42:26', '2019-11-16 05:42:26'),
(46, 3, '1.00', '117083.00', '2019-11-16 09:35:33', '2019-11-16 09:35:33'),
(47, 3, '1.00', '117082.00', '2019-11-16 09:36:06', '2019-11-16 09:36:06'),
(48, 3, '1.00', '117081.00', '2019-11-16 09:37:35', '2019-11-16 09:37:35'),
(49, 3, '1.00', '117080.00', '2019-11-16 09:37:52', '2019-11-16 09:37:52'),
(50, 3, '1.00', '117079.00', '2019-11-16 09:39:01', '2019-11-16 09:39:01'),
(51, 3, '2062.00', '115017.00', '2019-11-16 09:44:41', '2019-11-16 09:44:41'),
(52, 3, '1.00', '115016.00', '2019-11-16 09:46:05', '2019-11-16 09:46:05'),
(53, 3, '1.00', '115015.00', '2019-11-16 09:48:05', '2019-11-16 09:48:05'),
(54, 3, '10.00', '115005.00', '2019-11-16 09:51:11', '2019-11-16 09:51:11'),
(55, 3, '86.00', '114919.00', '2019-11-16 09:52:01', '2019-11-16 09:52:01'),
(56, 3, '108.00', '114811.00', '2019-11-16 09:55:27', '2019-11-16 09:55:27'),
(57, 3, '368.00', '114443.00', '2019-11-16 09:58:10', '2019-11-16 09:58:10'),
(58, 3, '104.00', '114339.00', '2019-11-16 10:01:03', '2019-11-16 10:01:03'),
(59, 3, '104.00', '114235.00', '2019-11-16 10:01:36', '2019-11-16 10:01:36'),
(60, 3, '125.00', '114110.00', '2019-11-16 10:49:53', '2019-11-16 10:49:53'),
(61, 3, '33750.00', '80360.00', '2019-11-17 07:46:05', '2019-11-17 07:46:05'),
(62, 3, '54500.00', '25860.00', '2019-11-30 06:00:22', '2019-11-30 06:00:22'),
(63, 3, '3120.00', '22740.00', '2019-11-30 06:13:41', '2019-11-30 06:13:41'),
(64, 3, '3950.00', '18790.00', '2019-11-30 06:15:33', '2019-11-30 06:15:33'),
(65, 3, '1088.00', '17702.00', '2019-11-30 06:17:47', '2019-11-30 06:17:47'),
(66, 3, '2066.00', '15636.00', '2019-11-30 06:18:24', '2019-11-30 06:18:24'),
(67, 3, '15600.00', '36.00', '2019-11-30 06:23:25', '2019-11-30 06:23:25'),
(68, 3, '640.00', '-604.00', '2019-11-30 06:42:30', '2019-11-30 06:42:30'),
(69, 3, '4200.00', '-4804.00', '2019-11-30 06:44:18', '2019-11-30 06:44:18'),
(70, 3, '42000.00', '-46804.00', '2019-11-30 06:45:52', '2019-11-30 06:45:52'),
(71, 3, '47400.00', '-94204.00', '2019-11-30 06:50:06', '2019-11-30 06:50:06'),
(72, 3, '21.00', '-94225.00', '2019-11-30 09:44:10', '2019-11-30 09:44:10'),
(73, 3, '25000.00', '-119225.00', '2019-12-01 10:09:32', '2019-12-01 10:09:32'),
(74, 3, '30600.00', '-149825.00', '2019-12-01 10:10:42', '2019-12-01 10:10:42'),
(75, 3, '12500.00', '-162325.00', '2019-12-01 10:11:18', '2019-12-01 10:11:18'),
(76, 3, '57500.00', '-219825.00', '2019-12-02 06:39:10', '2019-12-02 06:39:10'),
(77, 3, '9906.00', '-229731.00', '2019-12-03 06:12:21', '2019-12-03 06:12:21'),
(78, 3, '62400.00', '-292131.00', '2019-12-03 06:14:23', '2019-12-03 06:14:23'),
(79, 3, '32100.00', '-324231.00', '2019-12-03 06:33:47', '2019-12-03 06:33:47'),
(80, 3, '7383.00', '-331614.00', '2019-12-03 11:07:54', '2019-12-03 11:07:54'),
(81, 3, '252.00', '-331866.00', '2019-12-03 11:09:54', '2019-12-03 11:09:54'),
(82, 3, '22000.00', '-353866.00', '2019-12-04 06:15:28', '2019-12-04 06:15:28'),
(83, 3, '12300.00', '-366166.00', '2019-12-04 06:20:49', '2019-12-04 06:20:49'),
(84, 3, '26400.00', '-392566.00', '2019-12-04 06:22:19', '2019-12-04 06:22:19'),
(85, 3, '22200.00', '-414766.00', '2019-12-04 06:25:05', '2019-12-04 06:25:05'),
(86, 3, '31300.00', '-446066.00', '2019-12-04 06:47:28', '2019-12-04 06:47:28'),
(87, 3, '17400.00', '-463466.00', '2019-12-04 06:50:31', '2019-12-04 06:50:31'),
(88, 3, '13100.00', '-476566.00', '2019-12-04 06:51:23', '2019-12-04 06:51:23'),
(89, 3, '80200.00', '-556766.00', '2019-12-04 07:10:23', '2019-12-04 07:10:23'),
(90, 3, '1016.00', '-557782.00', '2019-12-04 10:21:13', '2019-12-04 10:21:13'),
(91, 3, '605.00', '-558387.00', '2019-12-04 10:27:28', '2019-12-04 10:27:28'),
(92, 3, '9830.00', '-568217.00', '2019-12-04 10:30:49', '2019-12-04 10:30:49'),
(93, 3, '121.00', '-568338.00', '2019-12-04 10:34:15', '2019-12-04 10:34:15'),
(94, 3, '1.00', '-568339.00', '2019-12-04 10:37:02', '2019-12-04 10:37:02'),
(95, 3, '132.00', '-568471.00', '2019-12-04 10:42:09', '2019-12-04 10:42:09'),
(96, 3, '1.00', '-568472.00', '2019-12-04 10:42:58', '2019-12-04 10:42:58'),
(97, 3, '5.00', '-568477.00', '2019-12-04 10:51:48', '2019-12-04 10:51:48'),
(98, 3, '144.00', '-568621.00', '2019-12-05 06:20:01', '2019-12-05 06:20:01'),
(99, 3, '144.00', '-568765.00', '2019-12-05 06:24:50', '2019-12-05 06:24:50'),
(100, 3, '144.00', '-568909.00', '2019-12-05 06:31:24', '2019-12-05 06:31:24'),
(101, 3, '144.00', '-569053.00', '2019-12-05 16:36:55', '2019-12-05 16:36:55'),
(103, 3, '781500.00', '-1350553.00', '2019-12-08 10:52:08', '2019-12-08 10:52:08'),
(104, 3, '181104.00', '-1531657.00', '2019-12-08 10:52:37', '2019-12-08 10:52:37'),
(105, 3, '2137.00', '1533794.00', '2019-12-08 10:53:14', '2019-12-08 10:53:14'),
(106, 3, '3110.00', '-1536904.00', '2019-12-14 06:43:17', '2019-12-14 06:43:17'),
(107, 3, '9660.00', '-1546564.00', '2019-12-14 06:47:04', '2019-12-14 06:47:04'),
(108, 2, '208900.00', '1337664.00', '2019-12-16 04:52:48', '2019-12-16 04:52:48'),
(109, 3, '5333.00', '1332331.00', '2019-12-19 06:07:19', '2019-12-19 06:07:19'),
(110, 2, '4890.00', '1337221.00', '2019-12-19 06:18:28', '2019-12-19 06:18:28'),
(111, 3, '10000.00', '1327221.00', '2020-01-11 06:24:46', '2020-01-11 06:24:46'),
(112, 3, '210.00', '1327011.00', '2020-01-11 06:25:03', '2020-01-11 06:25:03'),
(113, 3, '790.00', '1326221.00', '2020-01-11 06:25:22', '2020-01-11 06:25:22'),
(114, 4, '9650.00', '1316571.00', '2020-02-27 06:40:05', '2020-02-27 06:40:05'),
(115, 11, '230.00', '1316341.00', '2020-03-01 05:32:07', '2020-03-01 05:32:07'),
(116, 9, '1275.00', '1315066.00', '2020-03-02 05:45:50', '2020-03-02 05:45:50'),
(117, 9, '1090.00', '1313976.00', '2020-03-06 05:10:55', '2020-03-06 05:10:55'),
(118, 1, '10350.00', '1324326.00', '2020-03-06 08:27:14', '2020-03-06 08:27:14'),
(119, 1, '11100.00', '1335426.00', '2020-03-06 08:51:11', '2020-03-06 08:51:11'),
(120, 1, '12100.00', '1347526.00', '2020-03-06 08:55:22', '2020-03-06 08:55:22'),
(121, 1, '8600.00', '1356126.00', '2020-03-06 09:13:52', '2020-03-06 09:13:52');

-- --------------------------------------------------------

--
-- Table structure for table `cash_payments`
--

CREATE TABLE `cash_payments` (
  `id` int(10) UNSIGNED NOT NULL,
  `person_id` int(10) UNSIGNED NOT NULL,
  `payment` decimal(10,2) NOT NULL,
  `created_at` timestamp NULL DEFAULT NULL,
  `updated_at` timestamp NULL DEFAULT NULL
) ENGINE=InnoDB DEFAULT CHARSET=utf8mb4 COLLATE=utf8mb4_unicode_ci;

--
-- Dumping data for table `cash_payments`
--

INSERT INTO `cash_payments` (`id`, `person_id`, `payment`, `created_at`, `updated_at`) VALUES
(1, 6, '152300.00', '2019-11-13 10:05:43', '2019-11-13 10:05:43'),
(2, 6, '152300.00', '2019-11-13 10:07:48', '2019-11-13 10:07:48'),
(3, 5, '89400.00', '2019-11-13 10:30:57', '2019-11-13 10:30:57'),
(4, 5, '89400.00', '2019-11-13 10:32:53', '2019-11-13 10:32:53'),
(5, 5, '26520.00', '2019-11-13 10:33:41', '2019-11-13 10:33:41'),
(6, 5, '50600.00', '2019-11-13 10:36:35', '2019-11-13 10:36:35'),
(7, 5, '21400.00', '2019-11-13 10:37:11', '2019-11-13 10:37:11'),
(8, 5, '3468.00', '2019-11-13 10:38:11', '2019-11-13 10:38:11'),
(9, 5, '112000.00', '2019-11-13 10:39:36', '2019-11-13 10:39:36'),
(10, 5, '20240.00', '2019-11-13 10:41:58', '2019-11-13 10:41:58'),
(11, 5, '10350.00', '2019-11-13 10:46:58', '2019-11-13 10:46:58'),
(12, 5, '1554.00', '2019-11-13 10:57:26', '2019-11-13 10:57:26'),
(13, 5, '38200.00', '2019-11-13 11:01:13', '2019-11-13 11:01:13'),
(14, 5, '17500.00', '2019-11-13 11:09:23', '2019-11-13 11:09:23'),
(15, 5, '49900.00', '2019-11-13 11:10:56', '2019-11-13 11:10:56'),
(16, 5, '49900.00', '2019-11-13 11:11:22', '2019-11-13 11:11:22'),
(17, 5, '6170.00', '2019-11-13 11:12:52', '2019-11-13 11:12:52'),
(18, 5, '12800.00', '2019-11-13 11:15:53', '2019-11-13 11:15:53'),
(19, 5, '4450.00', '2019-11-13 11:18:05', '2019-11-13 11:18:05'),
(20, 5, '2850.00', '2019-11-13 11:20:14', '2019-11-13 11:20:14'),
(21, 5, '2850.00', '2019-11-13 11:21:17', '2019-11-13 11:21:17'),
(22, 5, '2850.00', '2019-11-13 11:23:42', '2019-11-13 11:23:42'),
(23, 5, '2850.00', '2019-11-13 11:24:44', '2019-11-13 11:24:44'),
(24, 5, '2850.00', '2019-11-13 11:25:23', '2019-11-13 11:25:23'),
(25, 5, '2850.00', '2019-11-13 11:26:04', '2019-11-13 11:26:04'),
(26, 5, '2850.00', '2019-11-13 11:26:54', '2019-11-13 11:26:54'),
(27, 5, '2850.00', '2019-11-13 11:27:42', '2019-11-13 11:27:42'),
(28, 5, '2850.00', '2019-11-13 11:28:15', '2019-11-13 11:28:15'),
(29, 5, '2850.00', '2019-11-13 11:28:36', '2019-11-13 11:28:36'),
(30, 5, '2850.00', '2019-11-13 11:29:25', '2019-11-13 11:29:25'),
(31, 5, '10500.00', '2019-11-13 12:05:00', '2019-11-13 12:05:00'),
(32, 5, '10500.00', '2019-11-13 12:05:31', '2019-11-13 12:05:31'),
(33, 5, '10500.00', '2019-11-13 12:08:29', '2019-11-13 12:08:29'),
(34, 5, '10500.00', '2019-11-13 12:21:53', '2019-11-13 12:21:53'),
(35, 5, '10500.00', '2019-11-13 12:22:31', '2019-11-13 12:22:31'),
(36, 5, '51390.00', '2019-11-14 05:57:40', '2019-11-14 05:57:40'),
(37, 5, '51390.00', '2019-11-14 05:58:27', '2019-11-14 05:58:27'),
(38, 5, '51390.00', '2019-11-14 06:00:02', '2019-11-14 06:00:02'),
(39, 5, '51390.00', '2019-11-14 06:00:30', '2019-11-14 06:00:30'),
(40, 5, '51390.00', '2019-11-14 06:05:49', '2019-11-14 06:05:49'),
(41, 5, '51390.00', '2019-11-14 06:07:04', '2019-11-14 06:07:04'),
(42, 5, '51390.00', '2019-11-14 06:07:24', '2019-11-14 06:07:24'),
(43, 5, '51390.00', '2019-11-14 06:08:02', '2019-11-14 06:08:02'),
(44, 5, '51390.00', '2019-11-14 06:18:33', '2019-11-14 06:18:33'),
(45, 5, '51390.00', '2019-11-14 06:19:41', '2019-11-14 06:19:41'),
(46, 5, '51390.00', '2019-11-14 06:20:08', '2019-11-14 06:20:08'),
(47, 5, '51390.00', '2019-11-14 06:31:20', '2019-11-14 06:31:20'),
(48, 5, '51390.00', '2019-11-14 06:31:54', '2019-11-14 06:31:54'),
(49, 5, '51390.00', '2019-11-14 06:32:33', '2019-11-14 06:32:33'),
(50, 5, '20000.00', '2019-11-14 06:33:57', '2019-11-14 06:33:57'),
(51, 5, '29300.00', '2019-11-14 06:39:33', '2019-11-14 06:39:33'),
(52, 5, '11050.00', '2019-11-15 05:11:30', '2019-11-15 05:11:30'),
(53, 5, '11050.00', '2019-11-15 05:12:05', '2019-11-15 05:12:05'),
(54, 5, '1640.00', '2019-11-15 05:17:10', '2019-11-15 05:17:10'),
(55, 5, '820.00', '2019-11-15 05:34:24', '2019-11-15 05:34:24'),
(56, 5, '820.00', '2019-11-15 05:35:27', '2019-11-15 05:35:27'),
(57, 5, '2430.00', '2019-11-15 05:45:16', '2019-11-15 05:45:16'),
(58, 5, '2430.00', '2019-11-15 05:45:31', '2019-11-15 05:45:31'),
(59, 5, '3250.00', '2019-11-15 05:49:03', '2019-11-15 05:49:03'),
(60, 5, '3250.00', '2019-11-15 05:49:55', '2019-11-15 05:49:55'),
(61, 5, '702.00', '2019-11-15 08:47:00', '2019-11-15 08:47:00'),
(62, 5, '86.00', '2019-11-15 09:01:40', '2019-11-15 09:01:40'),
(63, 5, '159.00', '2019-11-15 09:02:58', '2019-11-15 09:02:58'),
(64, 5, '102.00', '2019-11-15 09:03:54', '2019-11-15 09:03:54'),
(65, 5, '1462.00', '2019-11-15 09:05:39', '2019-11-15 09:05:39'),
(66, 5, '172.00', '2019-11-15 09:08:37', '2019-11-15 09:08:37'),
(67, 5, '2700.00', '2019-11-15 09:11:36', '2019-11-15 09:11:36'),
(68, 5, '215.00', '2019-11-15 09:14:48', '2019-11-15 09:14:48'),
(69, 5, '156.00', '2019-11-15 09:18:50', '2019-11-15 09:18:50'),
(70, 5, '915.00', '2019-11-15 09:21:25', '2019-11-15 09:21:25'),
(71, 5, '915.00', '2019-11-15 09:23:36', '2019-11-15 09:23:36'),
(72, 5, '915.00', '2019-11-15 09:27:34', '2019-11-15 09:27:34'),
(73, 5, '915.00', '2019-11-15 09:32:47', '2019-11-15 09:32:47'),
(74, 5, '915.00', '2019-11-15 09:33:07', '2019-11-15 09:33:07'),
(75, 5, '48.00', '2019-11-15 16:43:14', '2019-11-15 16:43:14'),
(76, 5, '48.00', '2019-11-15 16:43:38', '2019-11-15 16:43:38'),
(77, 5, '55.00', '2019-11-15 16:44:57', '2019-11-15 16:44:57'),
(78, 5, '33.00', '2019-11-15 16:46:53', '2019-11-15 16:46:53'),
(79, 5, '1.00', '2019-11-15 16:48:08', '2019-11-15 16:48:08'),
(80, 5, '1.00', '2019-11-15 16:54:06', '2019-11-15 16:54:06'),
(81, 5, '1.00', '2019-11-15 16:54:47', '2019-11-15 16:54:47'),
(82, 5, '1.00', '2019-11-15 16:55:19', '2019-11-15 16:55:19'),
(83, 5, '593.00', '2019-11-16 05:23:31', '2019-11-16 05:23:31'),
(84, 5, '593.00', '2019-11-16 05:25:09', '2019-11-16 05:25:09'),
(85, 5, '770.00', '2019-11-16 05:26:09', '2019-11-16 05:26:09'),
(86, 5, '27330.00', '2019-11-16 05:29:36', '2019-11-16 05:29:36'),
(87, 5, '12.00', '2019-11-16 05:32:52', '2019-11-16 05:32:52'),
(88, 5, '12.00', '2019-11-16 05:33:31', '2019-11-16 05:33:31'),
(89, 5, '99.00', '2019-11-16 05:42:00', '2019-11-16 05:42:00'),
(90, 5, '780.00', '2019-11-16 05:42:26', '2019-11-16 05:42:26'),
(91, 5, '1.00', '2019-11-16 09:35:33', '2019-11-16 09:35:33'),
(92, 5, '1.00', '2019-11-16 09:36:06', '2019-11-16 09:36:06'),
(93, 5, '1.00', '2019-11-16 09:37:35', '2019-11-16 09:37:35'),
(94, 5, '1.00', '2019-11-16 09:37:52', '2019-11-16 09:37:52'),
(95, 5, '1.00', '2019-11-16 09:39:01', '2019-11-16 09:39:01'),
(96, 5, '2062.00', '2019-11-16 09:44:41', '2019-11-16 09:44:41'),
(97, 5, '1.00', '2019-11-16 09:46:05', '2019-11-16 09:46:05'),
(98, 5, '1.00', '2019-11-16 09:48:05', '2019-11-16 09:48:05'),
(99, 5, '10.00', '2019-11-16 09:51:10', '2019-11-16 09:51:10'),
(100, 5, '86.00', '2019-11-16 09:52:01', '2019-11-16 09:52:01'),
(101, 5, '108.00', '2019-11-16 09:55:27', '2019-11-16 09:55:27'),
(102, 5, '368.00', '2019-11-16 09:58:10', '2019-11-16 09:58:10'),
(103, 5, '104.00', '2019-11-16 10:01:03', '2019-11-16 10:01:03'),
(104, 5, '104.00', '2019-11-16 10:01:36', '2019-11-16 10:01:36'),
(105, 5, '125.00', '2019-11-16 10:49:53', '2019-11-16 10:49:53'),
(106, 6, '33750.00', '2019-11-17 07:46:05', '2019-11-17 07:46:05'),
(107, 5, '54500.00', '2019-11-30 06:00:22', '2019-11-30 06:00:22'),
(108, 5, '3120.00', '2019-11-30 06:13:41', '2019-11-30 06:13:41'),
(109, 5, '3950.00', '2019-11-30 06:15:33', '2019-11-30 06:15:33'),
(110, 5, '1088.00', '2019-11-30 06:17:47', '2019-11-30 06:17:47'),
(111, 5, '2066.00', '2019-11-30 06:18:24', '2019-11-30 06:18:24'),
(112, 5, '15600.00', '2019-11-30 06:23:25', '2019-11-30 06:23:25'),
(113, 5, '640.00', '2019-11-30 06:42:30', '2019-11-30 06:42:30'),
(114, 5, '4200.00', '2019-11-30 06:44:18', '2019-11-30 06:44:18'),
(115, 5, '42000.00', '2019-11-30 06:45:52', '2019-11-30 06:45:52'),
(116, 5, '47400.00', '2019-11-30 06:50:06', '2019-11-30 06:50:06'),
(117, 5, '21.00', '2019-11-30 09:44:10', '2019-11-30 09:44:10'),
(118, 5, '25000.00', '2019-12-01 10:09:32', '2019-12-01 10:09:32'),
(119, 5, '30600.00', '2019-12-01 10:10:42', '2019-12-01 10:10:42'),
(120, 5, '12500.00', '2019-12-01 10:11:18', '2019-12-01 10:11:18'),
(121, 5, '57500.00', '2019-12-02 06:39:10', '2019-12-02 06:39:10'),
(122, 5, '9906.00', '2019-12-03 06:12:21', '2019-12-03 06:12:21'),
(123, 5, '62400.00', '2019-12-03 06:14:23', '2019-12-03 06:14:23'),
(124, 5, '32100.00', '2019-12-03 06:33:47', '2019-12-03 06:33:47'),
(125, 5, '7383.00', '2019-12-03 11:07:54', '2019-12-03 11:07:54'),
(126, 5, '252.00', '2019-12-03 11:09:54', '2019-12-03 11:09:54'),
(127, 5, '22000.00', '2019-12-04 06:15:28', '2019-12-04 06:15:28'),
(128, 5, '12300.00', '2019-12-04 06:20:49', '2019-12-04 06:20:49'),
(129, 5, '26400.00', '2019-12-04 06:22:19', '2019-12-04 06:22:19'),
(130, 5, '22200.00', '2019-12-04 06:25:05', '2019-12-04 06:25:05'),
(131, 5, '31300.00', '2019-12-04 06:47:28', '2019-12-04 06:47:28'),
(132, 5, '17400.00', '2019-12-04 06:50:31', '2019-12-04 06:50:31'),
(133, 5, '13100.00', '2019-12-04 06:51:23', '2019-12-04 06:51:23'),
(134, 5, '80200.00', '2019-12-04 07:10:23', '2019-12-04 07:10:23'),
(135, 5, '1016.00', '2019-12-04 10:21:13', '2019-12-04 10:21:13'),
(136, 5, '605.00', '2019-12-04 10:27:28', '2019-12-04 10:27:28'),
(137, 5, '9830.00', '2019-12-04 10:30:49', '2019-12-04 10:30:49'),
(138, 5, '121.00', '2019-12-04 10:34:15', '2019-12-04 10:34:15'),
(139, 5, '1.00', '2019-12-04 10:37:01', '2019-12-04 10:37:01'),
(140, 5, '132.00', '2019-12-04 10:42:09', '2019-12-04 10:42:09'),
(141, 5, '1.00', '2019-12-04 10:42:58', '2019-12-04 10:42:58'),
(142, 5, '5.00', '2019-12-04 10:51:48', '2019-12-04 10:51:48'),
(143, 5, '144.00', '2019-12-05 06:20:01', '2019-12-05 06:20:01'),
(144, 5, '144.00', '2019-12-05 06:24:50', '2019-12-05 06:24:50'),
(145, 5, '144.00', '2019-12-05 06:31:24', '2019-12-05 06:31:24'),
(146, 5, '144.00', '2019-12-05 16:36:55', '2019-12-05 16:36:55'),
(147, 5, '14390.00', '2019-12-07 05:39:36', '2019-12-07 05:39:36'),
(148, 5, '781500.00', '2019-12-08 10:52:08', '2019-12-08 10:52:08'),
(149, 5, '181104.00', '2019-12-08 10:52:37', '2019-12-08 10:52:37'),
(150, 5, '2137.00', '2019-12-08 10:53:14', '2019-12-08 10:53:14'),
(151, 5, '3110.00', '2019-12-14 06:43:17', '2019-12-14 06:43:17'),
(152, 5, '9660.00', '2019-12-14 06:47:04', '2019-12-14 06:47:04'),
(153, 6, '9650.00', '2020-02-27 06:40:04', '2020-02-27 06:40:04');

-- --------------------------------------------------------

--
-- Table structure for table `cash_receipts`
--

CREATE TABLE `cash_receipts` (
  `id` int(10) UNSIGNED NOT NULL,
  `customer_id` int(10) UNSIGNED NOT NULL,
  `receipt` decimal(8,2) NOT NULL,
  `created_at` timestamp NULL DEFAULT NULL,
  `updated_at` timestamp NULL DEFAULT NULL
) ENGINE=InnoDB DEFAULT CHARSET=utf8mb4 COLLATE=utf8mb4_unicode_ci;

--
-- Dumping data for table `cash_receipts`
--

INSERT INTO `cash_receipts` (`id`, `customer_id`, `receipt`, `created_at`, `updated_at`) VALUES
(1, 1, '208900.00', '2019-12-16 04:52:48', '2019-12-16 04:52:48'),
(2, 3, '4890.00', '2019-12-19 06:18:28', '2019-12-19 06:18:28'),
(3, 1, '49350.00', '2020-03-06 05:57:29', '2020-03-06 05:57:29'),
(4, 1, '6750.00', '2020-03-06 06:01:55', '2020-03-06 06:01:55'),
(5, 1, '10350.00', '2020-03-06 08:27:14', '2020-03-06 08:27:14'),
(6, 3, '11100.00', '2020-03-06 08:51:11', '2020-03-06 08:51:11'),
(7, 11, '12100.00', '2020-03-06 08:55:22', '2020-03-06 08:55:22'),
(8, 4, '8600.00', '2020-03-06 09:13:52', '2020-03-06 09:13:52');

-- --------------------------------------------------------

--
-- Table structure for table `cash_types`
--

CREATE TABLE `cash_types` (
  `id` int(10) UNSIGNED NOT NULL,
  `type` varchar(191) COLLATE utf8mb4_unicode_ci NOT NULL,
  `description` varchar(191) COLLATE utf8mb4_unicode_ci NOT NULL
) ENGINE=InnoDB DEFAULT CHARSET=utf8mb4 COLLATE=utf8mb4_unicode_ci;

--
-- Dumping data for table `cash_types`
--

INSERT INTO `cash_types` (`id`, `type`, `description`) VALUES
(1, 'initial balance', 'business initial balance'),
(2, 'received ', 'cash received form customer and other sources'),
(3, 'payment', 'cash payment to supplier and other sources');

-- --------------------------------------------------------

--
-- Table structure for table `categories`
--

CREATE TABLE `categories` (
  `id` int(10) UNSIGNED NOT NULL,
  `name` varchar(191) COLLATE utf8mb4_unicode_ci NOT NULL,
  `slug` varchar(191) COLLATE utf8mb4_unicode_ci NOT NULL,
  `created_at` timestamp NULL DEFAULT NULL,
  `updated_at` timestamp NULL DEFAULT NULL
) ENGINE=InnoDB DEFAULT CHARSET=utf8mb4 COLLATE=utf8mb4_unicode_ci;

--
-- Dumping data for table `categories`
--

INSERT INTO `categories` (`id`, `name`, `slug`, `created_at`, `updated_at`) VALUES
(1, 'Grocery', 'grocery', '2019-11-04 04:44:45', '2019-12-20 05:55:57'),
(2, 'stationary', 'stationary', '2019-11-04 04:44:57', '2019-11-04 04:44:57'),
(3, 'Spice and Flavour', 'spice-and-flavour', '2019-11-04 04:45:19', '2019-11-04 04:45:19'),
(4, 'Cosmetic and Detergent', 'cosmetic-and-detergent', '2019-11-04 04:45:40', '2019-11-04 04:45:40');

-- --------------------------------------------------------

--
-- Table structure for table `customers`
--

CREATE TABLE `customers` (
  `id` int(10) UNSIGNED NOT NULL,
  `name` varchar(191) COLLATE utf8mb4_unicode_ci NOT NULL,
  `address` text COLLATE utf8mb4_unicode_ci NOT NULL,
  `phone` varchar(191) COLLATE utf8mb4_unicode_ci NOT NULL,
  `created_at` timestamp NULL DEFAULT NULL,
  `updated_at` timestamp NULL DEFAULT NULL
) ENGINE=InnoDB DEFAULT CHARSET=utf8mb4 COLLATE=utf8mb4_unicode_ci;

--
-- Dumping data for table `customers`
--

INSERT INTO `customers` (`id`, `name`, `address`, `phone`, `created_at`, `updated_at`) VALUES
(1, 'golam rosul', '4 no. goli nichar bazar', '01711234590', '2019-11-25 11:00:21', '2019-11-25 11:00:21'),
(2, 'Aslam Store', '1 no. nichu bazar ses mathai', '01932768940', '2019-12-14 10:09:17', '2019-12-14 10:09:17'),
(3, 'Bipul store', 'nichu bazar nodir dhare', '01732745908', '2019-12-14 10:09:48', '2020-02-17 09:44:44'),
(4, 'Shahen store', '3 no goli nichu bazar, chuadanga', '01712345675', '2020-02-17 09:45:41', '2020-02-17 09:45:41'),
(5, 'Hatem store', '1 no goli nichu bazar, chuadanga', '01432098734', '2020-02-17 09:46:44', '2020-02-17 09:46:44'),
(6, 'Abdus Samad', '3 no goli nichu bazar, chuadanga', '01932645928', '2020-02-17 09:47:23', '2020-02-17 09:47:23'),
(7, 'golam rosul', '4 no. goli nichar bazar', '01711234590', '2019-11-25 11:00:21', '2019-11-25 11:00:21'),
(8, 'Aslam Store', '1 no. nichu bazar ses mathai', '01932768940', '2019-12-14 10:09:17', '2019-12-14 10:09:17'),
(9, 'Bipul store', 'nichu bazar nodir dhare', '01732745908', '2019-12-14 10:09:48', '2020-02-17 09:44:44'),
(10, 'Shahen store', '3 no goli nichu bazar, chuadanga', '01712345675', '2020-02-17 09:45:41', '2020-02-17 09:45:41'),
(11, 'Hatem store', '1 no goli nichu bazar, chuadanga', '01432098734', '2020-02-17 09:46:44', '2020-02-17 09:46:44'),
(12, 'Abdus Samad', '3 no goli nichu bazar, chuadanga', '01932645928', '2020-02-17 09:47:23', '2020-02-17 09:47:23');

-- --------------------------------------------------------

--
-- Table structure for table `expanses`
--

CREATE TABLE `expanses` (
  `id` int(10) UNSIGNED NOT NULL,
  `transaction_id` int(10) UNSIGNED NOT NULL,
  `description` varchar(50) COLLATE utf8mb4_unicode_ci NOT NULL DEFAULT '',
  `amount` decimal(10,0) NOT NULL DEFAULT 0,
  `created_at` timestamp NULL DEFAULT NULL,
  `updated_at` timestamp NULL DEFAULT NULL
) ENGINE=InnoDB DEFAULT CHARSET=utf8mb4 COLLATE=utf8mb4_unicode_ci;

--
-- Dumping data for table `expanses`
--

INSERT INTO `expanses` (`id`, `transaction_id`, `description`, `amount`, `created_at`, `updated_at`) VALUES
(1, 11, 'Bazar for weekly', '450', '2020-03-01 05:09:53', '2020-03-01 05:09:53'),
(2, 9, 'dokan vara', '990', '2020-03-01 05:13:36', '2020-03-01 05:13:36'),
(3, 11, 'shopping buy a kitchen accessorises', '760', '2020-03-01 05:25:13', '2020-03-01 05:25:13'),
(4, 11, 'shopping for Runaika', '1300', '2020-03-01 05:27:16', '2020-03-01 05:27:16'),
(5, 9, 'dokan er cha', '120', '2020-03-01 05:29:27', '2020-03-01 05:29:27'),
(6, 11, 'fruits - apple, Orange, Banana', '230', '2020-03-01 05:32:07', '2020-03-01 05:32:07'),
(7, 9, 'electricity bill', '1275', '2020-03-02 05:45:50', '2020-03-02 05:45:50'),
(8, 9, 'Friday bazaar', '1090', '2020-03-06 05:10:54', '2020-03-06 05:10:54');

-- --------------------------------------------------------

--
-- Table structure for table `failed_jobs`
--

CREATE TABLE `failed_jobs` (
  `id` bigint(20) UNSIGNED NOT NULL,
  `connection` text COLLATE utf8mb4_unicode_ci NOT NULL,
  `queue` text COLLATE utf8mb4_unicode_ci NOT NULL,
  `payload` longtext COLLATE utf8mb4_unicode_ci NOT NULL,
  `exception` longtext COLLATE utf8mb4_unicode_ci NOT NULL,
  `failed_at` timestamp NOT NULL DEFAULT current_timestamp()
) ENGINE=InnoDB DEFAULT CHARSET=utf8mb4 COLLATE=utf8mb4_unicode_ci;

-- --------------------------------------------------------

--
-- Table structure for table `godowns`
--

CREATE TABLE `godowns` (
  `id` int(10) UNSIGNED NOT NULL,
  `name` varchar(191) COLLATE utf8mb4_unicode_ci NOT NULL,
  `description` varchar(191) COLLATE utf8mb4_unicode_ci NOT NULL,
  `created_at` timestamp NULL DEFAULT NULL,
  `updated_at` timestamp NULL DEFAULT NULL
) ENGINE=InnoDB DEFAULT CHARSET=utf8mb4 COLLATE=utf8mb4_unicode_ci;

--
-- Dumping data for table `godowns`
--

INSERT INTO `godowns` (`id`, `name`, `description`, `created_at`, `updated_at`) VALUES
(1, 'dokan', 'show room for sales center', '2019-11-04 05:01:02', '2019-11-04 05:01:02'),
(2, 'Godown 1', 'aside of show room', '2019-11-04 05:01:57', '2019-11-04 05:01:57'),
(3, 'Godown 2', 'puraton gulir vitor tusan manson', '2019-11-04 05:02:33', '2019-11-04 05:02:33');

-- --------------------------------------------------------

--
-- Table structure for table `inventories`
--

CREATE TABLE `inventories` (
  `id` int(10) UNSIGNED NOT NULL,
  `product_id` int(10) UNSIGNED NOT NULL,
  `quantity` double(8,2) NOT NULL,
  `godowns_id` int(10) UNSIGNED NOT NULL,
  `created_at` timestamp NULL DEFAULT NULL,
  `updated_at` timestamp NULL DEFAULT NULL
) ENGINE=InnoDB DEFAULT CHARSET=utf8mb4 COLLATE=utf8mb4_unicode_ci;

--
-- Dumping data for table `inventories`
--

INSERT INTO `inventories` (`id`, `product_id`, `quantity`, `godowns_id`, `created_at`, `updated_at`) VALUES
(1, 2, -50.00, 1, '2019-12-04 10:18:12', '2020-02-17 05:50:49'),
(3, 3, 300.00, 1, '2019-12-07 06:13:10', '2020-02-27 06:35:19'),
(4, 5, 150.00, 1, '2019-12-08 10:50:18', '2019-12-16 04:52:48'),
(5, 10, 350.00, 1, '2019-12-08 10:52:08', '2020-02-27 06:40:04'),
(6, 6, 175.00, 2, '2019-12-08 10:52:08', '2020-02-17 09:44:28'),
(7, 10, 100.00, 2, '2019-12-08 10:52:37', '2019-12-16 05:18:36'),
(8, 11, 13.00, 1, '2019-12-08 10:53:14', '2020-02-17 05:50:48'),
(9, 9, 32.00, 3, '2019-12-08 10:53:14', '2019-12-08 10:53:14'),
(10, 13, 30.00, 3, '2019-12-08 10:53:14', '2019-12-16 05:18:36'),
(11, 13, 9.00, 1, '2019-12-09 02:30:32', '2019-12-14 06:43:17'),
(12, 6, 140.00, 1, '2019-12-09 02:30:32', '2020-03-06 09:13:52'),
(13, 14, 147.00, 1, '2019-12-09 02:30:32', '2020-02-17 09:44:28'),
(14, 7, 25.00, 1, '2019-12-09 02:30:32', '2019-12-19 06:18:29'),
(15, 1, 100.00, 1, '2019-12-14 06:47:04', '2020-03-06 08:27:14'),
(16, 3, 110.00, 2, '2019-12-21 10:29:39', '2020-02-27 12:53:02'),
(17, 14, 50.00, 2, '2019-12-22 06:32:49', '2019-12-22 06:32:49'),
(18, 1, 950.00, 2, '2020-02-16 11:28:27', '2020-03-06 06:01:54'),
(19, 2, 300.00, 2, '2020-02-16 11:31:27', '2020-02-16 11:31:27'),
(20, 15, 150.00, 2, '2020-02-16 11:31:27', '2020-02-16 11:31:27'),
(21, 18, 400.00, 2, '2020-02-17 09:51:33', '2020-02-17 09:51:33'),
(22, 19, 150.00, 2, '2020-02-17 09:51:33', '2020-02-17 09:51:33'),
(23, 16, 500.00, 2, '2020-02-17 09:51:33', '2020-03-06 08:55:22'),
(24, 17, 350.00, 2, '2020-02-17 09:51:33', '2020-02-27 12:53:02'),
(25, 36, 100.00, 1, '2020-02-17 09:51:33', '2020-03-06 09:13:52'),
(26, 38, 200.00, 1, '2020-02-17 09:51:33', '2020-02-17 09:51:33'),
(27, 8, 1.00, 1, '2020-02-27 06:40:04', '2020-02-27 06:40:04'),
(28, 46, 800.00, 2, '2020-02-27 06:46:29', '2020-03-06 08:55:22'),
(29, 24, 300.00, 1, '2020-03-06 09:06:51', '2020-03-06 09:06:51'),
(30, 25, 300.00, 1, '2020-03-06 09:06:51', '2020-03-06 09:06:51'),
(31, 4, 39.00, 1, '2020-03-06 09:06:52', '2020-03-06 09:13:52');

-- --------------------------------------------------------

--
-- Table structure for table `migrations`
--

CREATE TABLE `migrations` (
  `id` int(10) UNSIGNED NOT NULL,
  `migration` varchar(191) COLLATE utf8mb4_unicode_ci NOT NULL,
  `batch` int(11) NOT NULL
) ENGINE=InnoDB DEFAULT CHARSET=utf8mb4 COLLATE=utf8mb4_unicode_ci;

--
-- Dumping data for table `migrations`
--

INSERT INTO `migrations` (`id`, `migration`, `batch`) VALUES
(1, '2014_10_12_000000_create_users_table', 1),
(2, '2014_10_12_100000_create_password_resets_table', 1),
(3, '2019_08_19_000000_create_failed_jobs_table', 1),
(4, '2019_11_04_103759_create_categories_table', 1),
(5, '2019_11_04_104732_create_products_table', 1),
(6, '2019_11_04_105704_create_godowns_table', 1),
(7, '2019_11_04_110413_create_inventories_table', 1),
(8, '2019_11_05_061927_create_customers_table', 1),
(9, '2019_11_05_095538_create_accounts_table', 1),
(10, '2019_11_05_100614_create_suppliers_table', 1),
(11, '2019_11_05_103934_create_payment_types_table', 1),
(12, '2019_11_13_121005_create_cash_types_table', 1),
(13, '2019_12_22_120539_create_stock_moves_table', 1),
(14, '2020_01_14_122113_create_pretty_cash_types_table', 1),
(15, '2019_11_04_115322_create_account_receivables_table', 2),
(16, '2019_11_05_103147_create_purchases_table', 2),
(17, '2019_11_06_060951_create_purchase_items_table', 2),
(18, '2019_11_06_095320_create_account_payables_table', 2),
(19, '2019_11_13_121705_create_cash_payments_table', 2),
(20, '2019_11_13_122350_create_cashes_table', 2),
(21, '2019_11_25_164617_create_sales_table', 2),
(22, '2019_12_14_164458_create_sales_items_table', 2),
(23, '2019_12_26_122832_create_purchase_returns_table', 2),
(24, '2020_01_14_124335_create_purchase_return_items', 2),
(25, '2020_01_14_154736_create_people_table', 3),
(26, '2020_01_14_161337_create_cash_receipts_table', 3),
(27, '2020_01_14_152727_create_pretty_cashes_table', 4),
(28, '2020_02_23_163521_create_bank_details_table', 5),
(29, '2020_02_24_114913_create_banks_table', 6),
(30, '2020_02_25_124221_create_transaction_types_table', 7),
(31, '2020_02_29_115730_create_expanses_table', 8);

-- --------------------------------------------------------

--
-- Table structure for table `password_resets`
--

CREATE TABLE `password_resets` (
  `email` varchar(191) COLLATE utf8mb4_unicode_ci NOT NULL,
  `token` varchar(191) COLLATE utf8mb4_unicode_ci NOT NULL,
  `created_at` timestamp NULL DEFAULT NULL
) ENGINE=InnoDB DEFAULT CHARSET=utf8mb4 COLLATE=utf8mb4_unicode_ci;

-- --------------------------------------------------------

--
-- Table structure for table `payment_types`
--

CREATE TABLE `payment_types` (
  `id` int(10) UNSIGNED NOT NULL,
  `name` varchar(191) COLLATE utf8mb4_unicode_ci NOT NULL,
  `description` varchar(191) COLLATE utf8mb4_unicode_ci NOT NULL
) ENGINE=InnoDB DEFAULT CHARSET=utf8mb4 COLLATE=utf8mb4_unicode_ci;

--
-- Dumping data for table `payment_types`
--

INSERT INTO `payment_types` (`id`, `name`, `description`) VALUES
(1, 'cash', 'cash trasaction'),
(2, 'due', 'credit trasaction'),
(3, 'pratial', 'trasaction with partial payment');

-- --------------------------------------------------------

--
-- Table structure for table `people`
--

CREATE TABLE `people` (
  `id` int(10) UNSIGNED NOT NULL,
  `name` varchar(191) COLLATE utf8mb4_unicode_ci NOT NULL,
  `phone` varchar(191) COLLATE utf8mb4_unicode_ci NOT NULL,
  `address` varchar(191) COLLATE utf8mb4_unicode_ci NOT NULL,
  `created_at` timestamp NULL DEFAULT NULL,
  `updated_at` timestamp NULL DEFAULT NULL
) ENGINE=InnoDB DEFAULT CHARSET=utf8mb4 COLLATE=utf8mb4_unicode_ci;

--
-- Dumping data for table `people`
--

INSERT INTO `people` (`id`, `name`, `phone`, `address`, `created_at`, `updated_at`) VALUES
(1, 'Rassel ', 'Post Office para', '0191920', '2020-02-17 05:53:20', '2020-02-17 05:53:20'),
(2, 'Abdus Salam', 'Bagan para', '01987653409', '2020-02-17 05:54:04', '2020-02-17 05:54:04'),
(3, 'Abu Bokkar', 'Proffesor  Chuadanga govt collage', '017674564563', '2020-02-17 05:57:58', '2020-02-17 05:57:58'),
(4, 'Faruk', 'representative of popular pharmasitical, Ltd.', '01657895342', '2020-02-17 05:58:15', '2020-02-17 05:58:15'),
(5, 'Ripon Store', '01711324589', 'Ersordi', '2019-11-05 06:27:53', '2019-11-05 06:27:53'),
(6, 'Rana Store', '01711234590', 'Begum Bazar, Dhaka', '2019-11-05 06:31:56', '2019-11-05 06:31:56'),
(7, 'Mizanur Rahman', '01711234321', 'Vharamara', '2020-02-16 10:10:30', '2020-02-16 10:10:30'),
(8, 'Jibon', '01912346598', 'Chitagong', '2020-02-16 10:11:17', '2020-02-16 10:11:17'),
(9, 'golam rosul', '01711234590', '4 no. goli nichar bazar', '2019-11-25 11:00:21', '2019-11-25 11:00:21'),
(10, 'Aslam Store', '01932768940', '1 no. nichu bazar ses mathai', '2019-12-14 10:09:17', '2019-12-14 10:09:17'),
(11, 'Bipul store', '01732745908', 'nichu bazar nodir dhare', '2019-12-14 10:09:48', '2020-02-17 09:44:44'),
(12, 'Shahen store', '01712345675', '3 no goli nichu bazar, chuadanga', '2020-02-17 09:45:41', '2020-02-17 09:45:41'),
(13, 'Hatem store', '01432098734', '1 no goli nichu bazar, chuadanga', '2020-02-17 09:46:44', '2020-02-17 09:46:44'),
(14, 'Abdus Samad', '01932645928', '3 no goli nichu bazar, chuadanga', '2020-02-17 09:47:23', '2020-02-17 09:47:23');

-- --------------------------------------------------------

--
-- Table structure for table `pretty_cashes`
--

CREATE TABLE `pretty_cashes` (
  `id` int(10) UNSIGNED NOT NULL,
  `person_id` int(10) UNSIGNED NOT NULL,
  `pct_id` int(10) UNSIGNED NOT NULL,
  `amount` decimal(8,2) NOT NULL,
  `created_at` timestamp NULL DEFAULT NULL,
  `updated_at` timestamp NULL DEFAULT NULL
) ENGINE=InnoDB DEFAULT CHARSET=utf8mb4 COLLATE=utf8mb4_unicode_ci;

--
-- Dumping data for table `pretty_cashes`
--

INSERT INTO `pretty_cashes` (`id`, `person_id`, `pct_id`, `amount`, `created_at`, `updated_at`) VALUES
(1, 1, 2, '40000.00', '2020-02-17 06:01:50', '2020-02-17 06:01:50'),
(2, 3, 1, '100000.00', '2020-02-17 06:02:09', '2020-02-17 06:02:09'),
(3, 2, 1, '350000.00', '2020-02-17 06:02:29', '2020-02-17 06:02:29'),
(4, 4, 2, '30000.00', '2020-02-17 06:03:03', '2020-02-17 06:03:03');

-- --------------------------------------------------------

--
-- Table structure for table `pretty_cash_types`
--

CREATE TABLE `pretty_cash_types` (
  `id` int(10) UNSIGNED NOT NULL,
  `name` varchar(191) COLLATE utf8mb4_unicode_ci NOT NULL,
  `description` varchar(191) COLLATE utf8mb4_unicode_ci NOT NULL,
  `created_at` timestamp NULL DEFAULT NULL,
  `updated_at` timestamp NULL DEFAULT NULL
) ENGINE=InnoDB DEFAULT CHARSET=utf8mb4 COLLATE=utf8mb4_unicode_ci;

--
-- Dumping data for table `pretty_cash_types`
--

INSERT INTO `pretty_cash_types` (`id`, `name`, `description`, `created_at`, `updated_at`) VALUES
(1, 'bring', 'bring money form anyone without condition', '2020-02-17 05:59:43', '2020-02-17 05:59:44'),
(2, 'lend', 'lend money to someone without condition', '2020-02-17 06:00:39', '2020-02-17 06:00:40');

-- --------------------------------------------------------

--
-- Table structure for table `products`
--

CREATE TABLE `products` (
  `id` int(10) UNSIGNED NOT NULL,
  `category_id` int(10) UNSIGNED NOT NULL,
  `name` varchar(191) COLLATE utf8mb4_unicode_ci NOT NULL,
  `created_at` timestamp NULL DEFAULT NULL,
  `updated_at` timestamp NULL DEFAULT NULL
) ENGINE=InnoDB DEFAULT CHARSET=utf8mb4 COLLATE=utf8mb4_unicode_ci;

--
-- Dumping data for table `products`
--

INSERT INTO `products` (`id`, `category_id`, `name`, `created_at`, `updated_at`) VALUES
(1, 1, 'deshi mug dall', '2019-11-04 04:54:01', '2019-11-04 04:54:01'),
(2, 1, 'panga special kolai dall', '2019-11-04 04:54:17', '2019-11-04 04:54:17'),
(3, 1, 'deshi musuri dall', '2019-11-04 04:54:42', '2019-11-04 04:54:42'),
(4, 3, 'alach rs jambo', '2019-11-06 23:21:54', '2020-02-16 10:15:55'),
(5, 3, 'lobongo', '2019-11-06 23:22:08', '2020-02-16 10:20:33'),
(6, 3, 'darchini', '2019-11-06 23:23:12', '2020-02-16 10:20:48'),
(7, 3, 'shahi jira', '2019-11-07 00:14:13', '2019-11-07 00:14:13'),
(8, 3, 'kabab chini', '2019-11-07 00:14:26', '2019-11-07 00:14:26'),
(9, 1, 'white papar', '2019-11-07 00:14:39', '2019-11-07 00:14:39'),
(10, 3, 'jottri', '2019-11-07 00:14:50', '2019-11-07 00:14:50'),
(11, 3, 'pasta badam', '2019-11-07 00:15:39', '2019-11-07 00:15:39'),
(12, 3, 'chasew nut', '2019-11-07 00:16:00', '2019-11-07 00:16:00'),
(13, 3, 'almond', '2019-11-07 00:16:20', '2019-11-07 00:16:20'),
(14, 1, 'kismis', '2019-11-07 00:16:32', '2019-11-07 00:16:32'),
(15, 1, 'panja kolar dall', '2020-02-16 10:12:32', '2020-02-16 10:12:32'),
(16, 1, 'palki pollower chal', '2020-02-16 10:13:09', '2020-02-16 10:13:09'),
(17, 1, 'hati pollower chal', '2020-02-16 10:13:29', '2020-02-16 10:13:29'),
(18, 1, 'futa chola', '2020-02-16 10:13:57', '2020-02-16 10:13:57'),
(19, 1, 'gugni chola', '2020-02-16 10:14:31', '2020-02-16 10:14:31'),
(20, 3, 'pesta badam', '2020-02-16 10:18:23', '2020-02-16 10:20:18'),
(21, 3, 'kaju badam', '2020-02-16 10:18:44', '2020-02-16 10:19:54'),
(22, 3, 'kath badam', '2020-02-16 10:21:13', '2020-02-16 10:21:13'),
(23, 3, 'kismis', '2020-02-16 10:21:34', '2020-02-16 10:21:34'),
(24, 3, 'tarki jira', '2020-02-16 10:22:21', '2020-02-16 10:22:21'),
(25, 3, 'lc jira', '2020-02-16 10:22:35', '2020-02-16 10:22:35'),
(26, 3, 'shahi jira', '2020-02-16 10:23:11', '2020-02-16 10:23:11'),
(27, 1, 'fati musurir dall', '2020-02-16 10:23:41', '2020-02-16 10:23:41'),
(28, 1, 'eri mug dall', '2020-02-16 10:23:58', '2020-02-16 10:23:58'),
(29, 3, 'shahi morich', '2020-02-16 10:24:48', '2020-02-16 10:24:48'),
(30, 3, 'sorisa', '2020-02-16 10:25:00', '2020-02-16 10:25:53'),
(31, 3, 'sati sorisa', '2020-02-16 10:26:06', '2020-02-16 10:26:06'),
(32, 3, 'dhania', '2020-02-16 10:26:26', '2020-02-16 10:26:26'),
(33, 3, 'gura jall', '2020-02-16 10:26:45', '2020-02-16 10:26:45'),
(34, 3, 'gura holud', '2020-02-16 10:26:59', '2020-02-16 10:27:33'),
(35, 3, 'gura dhania', '2020-02-16 10:27:13', '2020-02-16 10:27:13'),
(36, 1, 'deshi motor dall', '2020-02-16 10:27:49', '2020-02-16 10:27:49'),
(37, 1, 'motor dall', '2020-02-16 10:27:59', '2020-02-16 10:27:59'),
(38, 1, 'khasarir dall', '2020-02-16 10:28:40', '2020-02-16 10:28:40'),
(39, 1, 'Isubgul bhusi', '2020-02-25 11:14:43', '2020-02-25 11:14:43'),
(40, 1, 'mathi', '2020-02-25 11:15:16', '2020-02-25 11:15:16'),
(41, 1, 'semai', '2020-02-25 11:15:54', '2020-02-25 11:15:54'),
(42, 1, 'lobom 1kg', '2020-02-25 11:16:33', '2020-02-25 11:16:33'),
(43, 1, 'lobon 500gm', '2020-02-25 11:17:08', '2020-02-25 11:17:08'),
(44, 1, 'chini karu', '2020-02-25 11:17:36', '2020-02-25 11:17:36'),
(45, 1, 'misri', '2020-02-25 11:18:05', '2020-02-25 11:18:05'),
(46, 1, 'cholar dall', '2020-02-25 11:19:24', '2020-02-27 06:44:18'),
(47, 1, 'pusti 5l oil', '2020-02-25 11:21:22', '2020-02-25 11:21:22'),
(48, 1, 'pusti 2l oil', '2020-02-25 11:22:13', '2020-02-25 11:22:13'),
(49, 1, 'pusti 1l oil', '2020-02-25 11:22:27', '2020-02-25 11:22:27'),
(50, 1, 'pusti 500ml oil', '2020-02-25 11:22:43', '2020-02-25 11:22:43'),
(51, 4, '500 withe powder', '2020-02-25 11:23:39', '2020-02-25 11:23:39'),
(52, 4, '200 white powder', '2020-02-25 11:23:55', '2020-02-25 11:23:55'),
(53, 4, '500 rin powder', '2020-02-25 11:24:12', '2020-02-25 11:24:12'),
(54, 4, '200 rin powder', '2020-02-25 11:24:27', '2020-02-25 11:24:27'),
(55, 4, '500 wheel powder', '2020-02-25 11:24:44', '2020-02-25 11:24:44'),
(56, 1, '200 wheel powder', '2020-02-25 11:25:02', '2020-02-25 11:25:02'),
(57, 4, '500 keya', '2020-02-25 11:25:16', '2020-02-25 11:25:16'),
(58, 4, '200 key powder', '2020-02-25 11:25:28', '2020-02-25 11:25:28'),
(59, 4, '200 ghori powder', '2020-02-25 11:25:47', '2020-02-25 11:25:47'),
(60, 1, '500 ghori powder', '2020-02-25 11:25:58', '2020-02-25 11:25:58'),
(61, 1, '1 kg ghori powder', '2020-02-25 11:26:13', '2020-02-25 11:26:13'),
(62, 4, '75 lux', '2020-02-25 11:26:41', '2020-02-25 11:26:41'),
(63, 1, '100 lux', '2020-02-25 11:26:50', '2020-02-25 11:26:50'),
(64, 4, '100 life bui', '2020-02-25 11:27:52', '2020-02-25 11:27:52'),
(65, 4, '50 pepsudent powder', '2020-02-25 11:28:16', '2020-02-25 11:28:16'),
(66, 1, '100 pepsudent powder', '2020-02-25 11:28:57', '2020-02-25 11:28:57'),
(67, 4, '75 key beauty sop', '2020-02-25 11:29:49', '2020-02-25 11:29:49'),
(68, 4, '50 key beauty sop', '2020-02-25 11:30:07', '2020-02-25 11:30:07'),
(69, 1, 'jakir jorda', '2020-02-25 11:31:03', '2020-02-25 11:31:03'),
(70, 1, 'goni gul', '2020-02-25 11:31:13', '2020-02-25 11:31:13'),
(71, 1, '400 gulucos', '2020-02-25 11:32:04', '2020-02-25 11:32:04'),
(72, 1, '200 gulucos', '2020-02-25 11:32:42', '2020-02-25 11:32:42'),
(73, 1, '80 gulucos', '2020-02-25 11:32:55', '2020-02-25 11:32:55'),
(74, 1, '135 gulucos', '2020-02-25 11:33:05', '2020-02-25 11:33:05'),
(75, 1, '35 gulucos', '2020-02-25 11:33:16', '2020-02-25 11:33:16'),
(76, 1, 'mowri', '2020-02-25 11:33:46', '2020-02-25 11:33:46'),
(77, 1, 'kalo jira', '2020-02-25 11:33:57', '2020-02-25 11:33:57'),
(78, 1, 'radhuni', '2020-02-25 11:34:17', '2020-02-25 11:34:17'),
(79, 1, 'dhonia', '2020-02-25 11:34:32', '2020-02-25 11:34:32'),
(80, 1, 'sagu dana', '2020-02-25 11:34:50', '2020-02-25 11:34:50');

-- --------------------------------------------------------

--
-- Table structure for table `purchases`
--

CREATE TABLE `purchases` (
  `id` int(10) UNSIGNED NOT NULL,
  `person_id` int(10) UNSIGNED NOT NULL,
  `amount` decimal(8,2) NOT NULL,
  `transaction_id` int(10) UNSIGNED NOT NULL,
  `created_at` timestamp NULL DEFAULT NULL,
  `updated_at` timestamp NULL DEFAULT NULL
) ENGINE=InnoDB DEFAULT CHARSET=utf8mb4 COLLATE=utf8mb4_unicode_ci;

--
-- Dumping data for table `purchases`
--

INSERT INTO `purchases` (`id`, `person_id`, `amount`, `transaction_id`, `created_at`, `updated_at`) VALUES
(47, 5, '131700.00', 4, '2019-11-11 06:20:09', '2019-11-11 06:20:09'),
(48, 5, '51600.00', 5, '2019-11-11 06:22:36', '2019-11-11 06:22:36'),
(49, 6, '13850.00', 5, '2019-11-11 06:26:44', '2019-11-11 06:26:44'),
(50, 6, '24200.00', 5, '2019-11-11 06:33:25', '2019-11-11 06:33:25'),
(51, 5, '53200.00', 4, '2019-11-11 06:35:05', '2019-11-11 06:35:05'),
(52, 5, '23000.00', 4, '2019-11-11 06:36:08', '2019-11-11 06:36:08'),
(53, 5, '11200.00', 4, '2019-11-11 06:42:15', '2019-11-11 06:42:15'),
(54, 5, '11200.00', 4, '2019-11-11 06:44:32', '2019-11-11 06:44:32'),
(55, 5, '11200.00', 4, '2019-11-11 07:11:29', '2019-11-11 07:11:29'),
(56, 5, '11200.00', 4, '2019-11-11 07:12:59', '2019-11-11 07:12:59'),
(57, 5, '12235.00', 4, '2019-11-11 07:13:41', '2019-11-11 07:13:41'),
(58, 5, '12235.00', 4, '2019-11-11 07:14:33', '2019-11-11 07:14:33'),
(59, 5, '132000.00', 4, '2019-11-12 09:53:00', '2019-11-12 09:53:00'),
(60, 5, '91050.00', 4, '2019-11-12 10:39:04', '2019-11-12 10:39:04'),
(61, 6, '152300.00', 4, '2019-11-13 10:05:43', '2019-11-13 10:05:43'),
(62, 6, '152300.00', 4, '2019-11-13 10:07:48', '2019-11-13 10:07:48'),
(63, 5, '89400.00', 4, '2019-11-13 10:30:56', '2019-11-13 10:30:56'),
(64, 5, '89400.00', 4, '2019-11-13 10:32:53', '2019-11-13 10:32:53'),
(65, 5, '26520.00', 4, '2019-11-13 10:33:41', '2019-11-13 10:33:41'),
(66, 5, '50600.00', 4, '2019-11-13 10:36:35', '2019-11-13 10:36:35'),
(67, 5, '21400.00', 4, '2019-11-13 10:37:11', '2019-11-13 10:37:11'),
(68, 5, '3468.00', 4, '2019-11-13 10:38:10', '2019-11-13 10:38:10'),
(69, 5, '112000.00', 4, '2019-11-13 10:39:36', '2019-11-13 10:39:36'),
(70, 5, '20240.00', 4, '2019-11-13 10:41:58', '2019-11-13 10:41:58'),
(71, 5, '10350.00', 4, '2019-11-13 10:46:57', '2019-11-13 10:46:57'),
(72, 5, '1554.00', 4, '2019-11-13 10:57:26', '2019-11-13 10:57:26'),
(73, 5, '38200.00', 4, '2019-11-13 11:01:13', '2019-11-13 11:01:13'),
(74, 1, '17500.00', 4, '2019-11-13 11:09:23', '2019-11-13 11:09:23'),
(75, 5, '49900.00', 4, '2019-11-13 11:10:56', '2019-11-13 11:10:56'),
(76, 5, '49900.00', 4, '2019-11-13 11:11:22', '2019-11-13 11:11:22'),
(77, 5, '6170.00', 4, '2019-11-13 11:12:52', '2019-11-13 11:12:52'),
(78, 5, '12800.00', 4, '2019-11-13 11:15:53', '2019-11-13 11:15:53'),
(79, 5, '4450.00', 4, '2019-11-13 11:18:05', '2019-11-13 11:18:05'),
(80, 5, '2850.00', 4, '2019-11-13 11:20:13', '2019-11-13 11:20:13'),
(81, 5, '2850.00', 4, '2019-11-13 11:21:17', '2019-11-13 11:21:17'),
(82, 5, '2850.00', 4, '2019-11-13 11:23:42', '2019-11-13 11:23:42'),
(83, 5, '2850.00', 4, '2019-11-13 11:24:43', '2019-11-13 11:24:43'),
(84, 5, '2850.00', 4, '2019-11-13 11:25:23', '2019-11-13 11:25:23'),
(85, 5, '2850.00', 4, '2019-11-13 11:26:04', '2019-11-13 11:26:04'),
(86, 5, '2850.00', 4, '2019-11-13 11:26:53', '2019-11-13 11:26:53'),
(87, 5, '2850.00', 4, '2019-11-13 11:27:42', '2019-11-13 11:27:42'),
(88, 5, '2850.00', 4, '2019-11-13 11:28:15', '2019-11-13 11:28:15'),
(89, 5, '2850.00', 4, '2019-11-13 11:28:36', '2019-11-13 11:28:36'),
(90, 5, '2850.00', 4, '2019-11-13 11:29:25', '2019-11-13 11:29:25'),
(91, 5, '10500.00', 4, '2019-11-13 12:05:00', '2019-11-13 12:05:00'),
(92, 5, '10500.00', 4, '2019-11-13 12:05:31', '2019-11-13 12:05:31'),
(93, 5, '10500.00', 4, '2019-11-13 12:08:29', '2019-11-13 12:08:29'),
(94, 5, '10500.00', 4, '2019-11-13 12:21:53', '2019-11-13 12:21:53'),
(95, 5, '10500.00', 4, '2019-11-13 12:22:31', '2019-11-13 12:22:31'),
(96, 5, '51390.00', 4, '2019-11-14 05:57:40', '2019-11-14 05:57:40'),
(97, 5, '51390.00', 4, '2019-11-14 05:58:27', '2019-11-14 05:58:27'),
(98, 5, '51390.00', 4, '2019-11-14 06:00:02', '2019-11-14 06:00:02'),
(99, 5, '51390.00', 4, '2019-11-14 06:00:30', '2019-11-14 06:00:30'),
(100, 5, '51390.00', 4, '2019-11-14 06:05:49', '2019-11-14 06:05:49'),
(101, 5, '51390.00', 4, '2019-11-14 06:07:04', '2019-11-14 06:07:04'),
(102, 5, '51390.00', 4, '2019-11-14 06:07:24', '2019-11-14 06:07:24'),
(103, 5, '51390.00', 4, '2019-11-14 06:08:01', '2019-11-14 06:08:01'),
(104, 5, '51390.00', 4, '2019-11-14 06:18:33', '2019-11-14 06:18:33'),
(105, 5, '51390.00', 4, '2019-11-14 06:19:41', '2019-11-14 06:19:41'),
(106, 5, '51390.00', 4, '2019-11-14 06:20:08', '2019-11-14 06:20:08'),
(107, 5, '51390.00', 4, '2019-11-14 06:31:20', '2019-11-14 06:31:20'),
(108, 5, '51390.00', 4, '2019-11-14 06:31:54', '2019-11-14 06:31:54'),
(109, 5, '51390.00', 4, '2019-11-14 06:32:33', '2019-11-14 06:32:33'),
(110, 5, '20000.00', 4, '2019-11-14 06:33:57', '2019-11-14 06:33:57'),
(111, 5, '29300.00', 4, '2019-11-14 06:39:33', '2019-11-14 06:39:33'),
(112, 5, '11050.00', 4, '2019-11-15 05:11:30', '2019-11-15 05:11:30'),
(113, 5, '11050.00', 4, '2019-11-15 05:12:05', '2019-11-15 05:12:05'),
(114, 5, '1640.00', 4, '2019-11-15 05:17:10', '2019-11-15 05:17:10'),
(115, 5, '820.00', 4, '2019-11-15 05:34:24', '2019-11-15 05:34:24'),
(116, 5, '820.00', 4, '2019-11-15 05:35:27', '2019-11-15 05:35:27'),
(117, 5, '2430.00', 4, '2019-11-15 05:45:16', '2019-11-15 05:45:16'),
(118, 5, '2430.00', 4, '2019-11-15 05:45:31', '2019-11-15 05:45:31'),
(119, 5, '3250.00', 4, '2019-11-15 05:49:03', '2019-11-15 05:49:03'),
(120, 5, '3250.00', 4, '2019-11-15 05:49:54', '2019-11-15 05:49:54'),
(121, 5, '147.00', 5, '2019-11-15 05:59:26', '2019-11-15 05:59:26'),
(122, 5, '702.00', 4, '2019-11-15 08:47:00', '2019-11-15 08:47:00'),
(123, 5, '86.00', 4, '2019-11-15 09:01:40', '2019-11-15 09:01:40'),
(124, 5, '159.00', 4, '2019-11-15 09:02:58', '2019-11-15 09:02:58'),
(125, 5, '102.00', 4, '2019-11-15 09:03:54', '2019-11-15 09:03:54'),
(126, 5, '1462.00', 4, '2019-11-15 09:05:39', '2019-11-15 09:05:39'),
(127, 5, '172.00', 4, '2019-11-15 09:08:37', '2019-11-15 09:08:37'),
(128, 5, '2700.00', 4, '2019-11-15 09:11:36', '2019-11-15 09:11:36'),
(129, 5, '215.00', 4, '2019-11-15 09:14:48', '2019-11-15 09:14:48'),
(130, 5, '156.00', 4, '2019-11-15 09:18:50', '2019-11-15 09:18:50'),
(131, 5, '915.00', 4, '2019-11-15 09:21:25', '2019-11-15 09:21:25'),
(132, 5, '915.00', 4, '2019-11-15 09:23:36', '2019-11-15 09:23:36'),
(133, 5, '915.00', 4, '2019-11-15 09:27:34', '2019-11-15 09:27:34'),
(134, 5, '915.00', 4, '2019-11-15 09:32:46', '2019-11-15 09:32:46'),
(135, 5, '915.00', 4, '2019-11-15 09:33:07', '2019-11-15 09:33:07'),
(136, 5, '48.00', 4, '2019-11-15 16:43:13', '2019-11-15 16:43:13'),
(137, 5, '48.00', 4, '2019-11-15 16:43:37', '2019-11-15 16:43:37'),
(138, 5, '55.00', 4, '2019-11-15 16:44:57', '2019-11-15 16:44:57'),
(139, 5, '33.00', 4, '2019-11-15 16:46:53', '2019-11-15 16:46:53'),
(140, 5, '1.00', 4, '2019-11-15 16:48:08', '2019-11-15 16:48:08'),
(141, 5, '1.00', 4, '2019-11-15 16:54:06', '2019-11-15 16:54:06'),
(142, 5, '1.00', 4, '2019-11-15 16:54:47', '2019-11-15 16:54:47'),
(143, 5, '1.00', 4, '2019-11-15 16:55:19', '2019-11-15 16:55:19'),
(144, 5, '593.00', 4, '2019-11-16 05:23:31', '2019-11-16 05:23:31'),
(145, 5, '593.00', 4, '2019-11-16 05:25:09', '2019-11-16 05:25:09'),
(146, 5, '770.00', 4, '2019-11-16 05:26:09', '2019-11-16 05:26:09'),
(147, 5, '27330.00', 4, '2019-11-16 05:29:36', '2019-11-16 05:29:36'),
(148, 5, '12.00', 4, '2019-11-16 05:32:51', '2019-11-16 05:32:51'),
(149, 5, '12.00', 4, '2019-11-16 05:33:31', '2019-11-16 05:33:31'),
(150, 5, '99.00', 4, '2019-11-16 05:42:00', '2019-11-16 05:42:00'),
(151, 5, '780.00', 4, '2019-11-16 05:42:26', '2019-11-16 05:42:26'),
(152, 5, '1.00', 4, '2019-11-16 09:35:33', '2019-11-16 09:35:33'),
(153, 5, '1.00', 4, '2019-11-16 09:36:06', '2019-11-16 09:36:06'),
(154, 5, '1.00', 4, '2019-11-16 09:37:35', '2019-11-16 09:37:35'),
(155, 5, '1.00', 4, '2019-11-16 09:37:52', '2019-11-16 09:37:52'),
(156, 5, '1.00', 4, '2019-11-16 09:39:01', '2019-11-16 09:39:01'),
(157, 5, '2062.00', 4, '2019-11-16 09:44:41', '2019-11-16 09:44:41'),
(158, 5, '1.00', 4, '2019-11-16 09:46:05', '2019-11-16 09:46:05'),
(159, 5, '1.00', 4, '2019-11-16 09:48:04', '2019-11-16 09:48:04'),
(160, 5, '10.00', 4, '2019-11-16 09:51:10', '2019-11-16 09:51:10'),
(161, 5, '86.00', 4, '2019-11-16 09:52:01', '2019-11-16 09:52:01'),
(162, 5, '108.00', 4, '2019-11-16 09:55:27', '2019-11-16 09:55:27'),
(163, 5, '368.00', 4, '2019-11-16 09:58:10', '2019-11-16 09:58:10'),
(164, 5, '104.00', 4, '2019-11-16 10:01:03', '2019-11-16 10:01:03'),
(165, 5, '104.00', 4, '2019-11-16 10:01:36', '2019-11-16 10:01:36'),
(166, 5, '125.00', 4, '2019-11-16 10:49:53', '2019-11-16 10:49:53'),
(167, 6, '33750.00', 4, '2019-11-17 07:46:04', '2019-11-17 07:46:04'),
(168, 5, '54500.00', 4, '2019-11-30 06:00:22', '2019-11-30 06:00:22'),
(169, 5, '3120.00', 4, '2019-11-30 06:13:41', '2019-11-30 06:13:41'),
(170, 5, '3950.00', 4, '2019-11-30 06:15:33', '2019-11-30 06:15:33'),
(171, 5, '1088.00', 4, '2019-11-30 06:17:47', '2019-11-30 06:17:47'),
(172, 5, '2066.00', 4, '2019-11-30 06:18:23', '2019-11-30 06:18:23'),
(173, 5, '15600.00', 4, '2019-11-30 06:23:25', '2019-11-30 06:23:25'),
(174, 5, '2300.00', 5, '2019-11-30 06:39:36', '2019-11-30 06:39:36'),
(175, 5, '640.00', 4, '2019-11-30 06:42:30', '2019-11-30 06:42:30'),
(176, 5, '4200.00', 4, '2019-11-30 06:44:18', '2019-11-30 06:44:18'),
(177, 5, '42000.00', 4, '2019-11-30 06:45:52', '2019-11-30 06:45:52'),
(178, 5, '47400.00', 4, '2019-11-30 06:50:06', '2019-11-30 06:50:06'),
(179, 5, '21.00', 4, '2019-11-30 09:44:10', '2019-11-30 09:44:10'),
(180, 6, '70480.00', 5, '2019-12-01 06:44:25', '2019-12-01 06:44:25'),
(181, 5, '25000.00', 4, '2019-12-01 10:09:32', '2019-12-01 10:09:32'),
(182, 5, '30600.00', 4, '2019-12-01 10:10:42', '2019-12-01 10:10:42'),
(183, 5, '12500.00', 4, '2019-12-01 10:11:18', '2019-12-01 10:11:18'),
(184, 5, '57500.00', 4, '2019-12-02 06:39:10', '2019-12-02 06:39:10'),
(185, 5, '11700.00', 5, '2019-12-03 05:24:03', '2019-12-03 05:24:03'),
(186, 5, '11700.00', 5, '2019-12-03 05:24:39', '2019-12-03 05:24:39'),
(187, 5, '12300.00', 4, '2019-12-03 05:28:55', '2019-12-03 05:28:55'),
(188, 5, '13100.00', 5, '2019-12-03 05:29:49', '2019-12-03 05:29:49'),
(189, 5, '20000.00', 4, '2019-12-03 05:32:33', '2019-12-03 05:32:33'),
(190, 5, '133.00', 4, '2019-12-03 05:36:34', '2019-12-03 05:36:34'),
(191, 5, '133.00', 5, '2019-12-03 05:37:29', '2019-12-03 05:37:29'),
(192, 5, '131.00', 4, '2019-12-03 05:59:17', '2019-12-03 05:59:17'),
(193, 5, '9906.00', 4, '2019-12-03 06:12:21', '2019-12-03 06:12:21'),
(194, 5, '62400.00', 4, '2019-12-03 06:14:23', '2019-12-03 06:14:23'),
(195, 5, '10000.00', 5, '2019-12-03 06:18:50', '2019-12-03 06:18:50'),
(196, 5, '35270.00', 4, '2019-12-03 06:26:43', '2019-12-03 06:26:43'),
(197, 5, '10000.00', 4, '2019-12-03 06:31:48', '2019-12-03 06:31:48'),
(198, 5, '32100.00', 4, '2019-12-03 06:33:46', '2019-12-03 06:33:46'),
(199, 5, '11900.00', 4, '2019-12-03 10:50:09', '2019-12-03 10:50:09'),
(200, 5, '11900.00', 4, '2019-12-03 10:58:07', '2019-12-03 10:58:07'),
(201, 5, '11900.00', 4, '2019-12-03 11:05:27', '2019-12-03 11:05:27'),
(202, 5, '7383.00', 4, '2019-12-03 11:07:54', '2019-12-03 11:07:54'),
(203, 5, '252.00', 4, '2019-12-03 11:09:54', '2019-12-03 11:09:54'),
(204, 5, '23000.00', 4, '2019-12-04 06:13:46', '2019-12-04 06:13:46'),
(205, 5, '22000.00', 4, '2019-12-04 06:15:28', '2019-12-04 06:15:28'),
(206, 5, '12300.00', 4, '2019-12-04 06:20:48', '2019-12-04 06:20:48'),
(207, 5, '26400.00', 4, '2019-12-04 06:22:19', '2019-12-04 06:22:19'),
(208, 5, '12400.00', 5, '2019-12-04 06:23:20', '2019-12-04 06:23:20'),
(209, 5, '22200.00', 4, '2019-12-04 06:25:05', '2019-12-04 06:25:05'),
(210, 5, '31300.00', 4, '2019-12-04 06:31:08', '2019-12-04 06:31:08'),
(211, 5, '31300.00', 4, '2019-12-04 06:47:27', '2019-12-04 06:47:27'),
(212, 5, '17400.00', 4, '2019-12-04 06:50:31', '2019-12-04 06:50:31'),
(213, 5, '13100.00', 4, '2019-12-04 06:51:23', '2019-12-04 06:51:23'),
(214, 5, '17000.00', 5, '2019-12-04 07:05:59', '2019-12-04 07:05:59'),
(215, 5, '80200.00', 4, '2019-12-04 07:10:23', '2019-12-04 07:10:23'),
(216, 5, '171000.00', 5, '2019-12-04 07:11:43', '2019-12-04 07:11:43'),
(217, 5, '297.00', 5, '2019-12-04 10:19:13', '2019-12-04 10:19:13'),
(218, 5, '1016.00', 4, '2019-12-04 10:21:13', '2019-12-04 10:21:13'),
(219, 5, '605.00', 4, '2019-12-04 10:27:28', '2019-12-04 10:27:28'),
(220, 5, '9830.00', 4, '2019-12-04 10:30:49', '2019-12-04 10:30:49'),
(221, 5, '22.00', 5, '2019-12-04 10:32:44', '2019-12-04 10:32:44'),
(222, 5, '121.00', 4, '2019-12-04 10:34:15', '2019-12-04 10:34:15'),
(223, 5, '1.00', 4, '2019-12-04 10:35:13', '2019-12-04 10:35:13'),
(224, 5, '1.00', 4, '2019-12-04 10:35:50', '2019-12-04 10:35:50'),
(225, 5, '1.00', 4, '2019-12-04 10:36:27', '2019-12-04 10:36:27'),
(226, 5, '1.00', 4, '2019-12-04 10:37:01', '2019-12-04 10:37:01'),
(227, 5, '1.00', 4, '2019-12-04 10:38:12', '2019-12-04 10:38:12'),
(228, 5, '132.00', 4, '2019-12-04 10:42:09', '2019-12-04 10:42:09'),
(229, 5, '1.00', 4, '2019-12-04 10:42:58', '2019-12-04 10:42:58'),
(230, 5, '5.00', 4, '2019-12-04 10:51:48', '2019-12-04 10:51:48'),
(231, 5, '288.00', 5, '2019-12-05 06:18:21', '2019-12-05 06:18:21'),
(232, 5, '144.00', 4, '2019-12-05 06:20:01', '2019-12-05 06:20:01'),
(233, 5, '360.00', 5, '2019-12-05 06:21:16', '2019-12-05 06:21:16'),
(234, 5, '144.00', 4, '2019-12-05 06:24:50', '2019-12-05 06:24:50'),
(235, 5, '144.00', 4, '2019-12-05 06:31:24', '2019-12-05 06:31:24'),
(236, 5, '144.00', 4, '2019-12-05 16:36:53', '2019-12-05 16:36:53'),
(237, 5, '3560.00', 5, '2019-12-07 05:38:45', '2019-12-07 05:38:45'),
(238, 5, '14390.00', 4, '2019-12-07 05:39:36', '2019-12-07 05:39:36'),
(239, 5, '39225.00', 5, '2019-12-07 05:53:06', '2019-12-07 05:53:06'),
(240, 5, '39225.00', 5, '2019-12-07 05:53:37', '2019-12-07 05:53:37'),
(241, 5, '25650.00', 5, '2019-12-07 06:15:34', '2019-12-07 06:15:34'),
(242, 5, '61300.00', 5, '2019-12-08 10:46:35', '2019-12-08 10:46:35'),
(243, 5, '61300.00', 5, '2019-12-08 10:48:55', '2019-12-08 10:48:55'),
(244, 5, '61300.00', 5, '2019-12-08 10:50:18', '2019-12-08 10:50:18'),
(245, 5, '781500.00', 4, '2019-12-08 10:52:08', '2019-12-08 10:52:08'),
(246, 5, '181104.00', 4, '2019-12-08 10:52:37', '2019-12-08 10:52:37'),
(247, 5, '2137.00', 4, '2019-12-08 10:53:14', '2019-12-08 10:53:14'),
(248, 6, '185990.00', 5, '2019-12-09 02:30:31', '2019-12-09 02:30:31'),
(249, 5, '3110.00', 4, '2019-12-14 06:43:16', '2019-12-14 06:43:16'),
(250, 5, '9660.00', 4, '2019-12-14 06:47:04', '2019-12-14 06:47:04'),
(251, 5, '26690.00', 5, '2020-02-16 11:28:26', '2020-02-16 11:28:26'),
(252, 7, '44550.00', 5, '2020-02-16 11:31:27', '2020-02-16 11:31:27'),
(253, 5, '94250.00', 5, '2020-02-17 09:51:32', '2020-02-17 09:51:32'),
(254, 5, '55500.00', 5, '2020-02-17 10:06:01', '2020-02-17 10:06:01'),
(255, 5, '12400.00', 4, '2020-02-27 06:35:18', '2020-02-27 06:35:18'),
(256, 6, '9650.00', 4, '2020-02-27 06:40:04', '2020-02-27 06:40:04'),
(257, 5, '54250.00', 5, '2020-02-27 06:46:28', '2020-02-27 06:46:28'),
(258, 5, '180550.00', 5, '2020-02-27 12:53:01', '2020-02-27 12:53:01'),
(260, 6, '328100.00', 5, '2020-03-06 09:06:51', '2020-03-06 09:06:51');

-- --------------------------------------------------------

--
-- Table structure for table `purchase_items`
--

CREATE TABLE `purchase_items` (
  `purchase_id` int(10) UNSIGNED NOT NULL,
  `product_id` int(10) UNSIGNED NOT NULL,
  `quantity` decimal(8,2) NOT NULL,
  `cost_price` decimal(8,2) NOT NULL,
  `unit_price` decimal(8,2) NOT NULL,
  `created_at` timestamp NULL DEFAULT NULL,
  `updated_at` timestamp NULL DEFAULT NULL
) ENGINE=InnoDB DEFAULT CHARSET=utf8mb4 COLLATE=utf8mb4_unicode_ci;

--
-- Dumping data for table `purchase_items`
--

INSERT INTO `purchase_items` (`purchase_id`, `product_id`, `quantity`, `cost_price`, `unit_price`, `created_at`, `updated_at`) VALUES
(47, 1, '400.00', '123.00', '123.00', '2019-11-11 06:20:09', '2019-11-11 06:20:09'),
(47, 2, '800.00', '78.00', '78.00', '2019-11-11 06:20:09', '2019-11-11 06:20:09'),
(47, 3, '300.00', '67.00', '67.00', '2019-11-11 06:20:09', '2019-11-11 06:20:09'),
(48, 1, '100.00', '121.00', '121.00', '2019-11-11 06:22:36', '2019-11-11 06:22:36'),
(48, 2, '500.00', '79.00', '79.00', '2019-11-11 06:22:36', '2019-11-11 06:22:36'),
(49, 7, '5.00', '570.00', '570.00', '2019-11-11 06:26:44', '2019-11-11 06:26:44'),
(49, 11, '5.00', '2200.00', '2200.00', '2019-11-11 06:26:44', '2019-11-11 06:26:44'),
(50, 9, '10.00', '670.00', '670.00', '2019-11-11 06:33:25', '2019-11-11 06:33:25'),
(50, 8, '5.00', '3500.00', '3500.00', '2019-11-11 06:33:25', '2019-11-11 06:33:25'),
(51, 2, '700.00', '76.00', '76.00', '2019-11-11 06:35:05', '2019-11-11 06:35:05'),
(52, 12, '20.00', '1150.00', '1150.00', '2019-11-11 06:36:08', '2019-11-11 06:36:08'),
(53, 13, '20.00', '560.00', '560.00', '2019-11-11 06:42:15', '2019-11-11 06:42:15'),
(54, 13, '20.00', '560.00', '560.00', '2019-11-11 06:44:32', '2019-11-11 06:44:32'),
(55, 13, '20.00', '560.00', '560.00', '2019-11-11 07:11:29', '2019-11-11 07:11:29'),
(56, 13, '20.00', '560.00', '560.00', '2019-11-11 07:12:59', '2019-11-11 07:12:59'),
(57, 13, '20.00', '560.00', '560.00', '2019-11-11 07:13:41', '2019-11-11 07:13:41'),
(57, 14, '23.00', '45.00', '45.00', '2019-11-11 07:13:41', '2019-11-11 07:13:41'),
(58, 13, '20.00', '560.00', '560.00', '2019-11-11 07:14:33', '2019-11-11 07:14:33'),
(58, 14, '23.00', '45.00', '45.00', '2019-11-11 07:14:33', '2019-11-11 07:14:33'),
(59, 5, '50.00', '780.00', '780.00', '2019-11-12 09:53:00', '2019-11-12 09:53:00'),
(59, 6, '300.00', '310.00', '310.00', '2019-11-12 09:53:00', '2019-11-12 09:53:00'),
(60, 1, '300.00', '121.00', '121.00', '2019-11-12 10:39:04', '2019-11-12 10:39:04'),
(60, 2, '450.00', '77.00', '77.00', '2019-11-12 10:39:04', '2019-11-12 10:39:04'),
(60, 3, '300.00', '67.00', '67.00', '2019-11-12 10:39:04', '2019-11-12 10:39:04'),
(61, 11, '34.00', '2200.00', '2200.00', '2019-11-13 10:05:43', '2019-11-13 10:05:43'),
(61, 6, '250.00', '310.00', '310.00', '2019-11-13 10:05:43', '2019-11-13 10:05:43'),
(62, 11, '34.00', '2200.00', '2200.00', '2019-11-13 10:07:48', '2019-11-13 10:07:48'),
(62, 6, '250.00', '310.00', '310.00', '2019-11-13 10:07:48', '2019-11-13 10:07:48'),
(63, 10, '34.00', '2100.00', '2100.00', '2019-11-13 10:30:57', '2019-11-13 10:30:57'),
(63, 8, '5.00', '3600.00', '3600.00', '2019-11-13 10:30:57', '2019-11-13 10:30:57'),
(64, 10, '34.00', '2100.00', '2100.00', '2019-11-13 10:32:53', '2019-11-13 10:32:53'),
(64, 8, '5.00', '3600.00', '3600.00', '2019-11-13 10:32:53', '2019-11-13 10:32:53'),
(65, 7, '34.00', '780.00', '780.00', '2019-11-13 10:33:41', '2019-11-13 10:33:41'),
(66, 11, '23.00', '2200.00', '2200.00', '2019-11-13 10:36:35', '2019-11-13 10:36:35'),
(67, 12, '20.00', '1070.00', '1070.00', '2019-11-13 10:37:11', '2019-11-13 10:37:11'),
(68, 1, '34.00', '102.00', '102.00', '2019-11-13 10:38:11', '2019-11-13 10:38:11'),
(69, 4, '40.00', '2800.00', '2800.00', '2019-11-13 10:39:36', '2019-11-13 10:39:36'),
(70, 13, '23.00', '880.00', '880.00', '2019-11-13 10:41:58', '2019-11-13 10:41:58'),
(71, 9, '23.00', '450.00', '450.00', '2019-11-13 10:46:57', '2019-11-13 10:46:57'),
(72, 1, '14.00', '111.00', '111.00', '2019-11-13 10:57:26', '2019-11-13 10:57:26'),
(73, 9, '54.00', '650.00', '650.00', '2019-11-13 11:01:13', '2019-11-13 11:01:13'),
(73, 14, '10.00', '310.00', '310.00', '2019-11-13 11:01:13', '2019-11-13 11:01:13'),
(74, 8, '5.00', '3500.00', '3500.00', '2019-11-13 11:09:23', '2019-11-13 11:09:23'),
(75, 3, '200.00', '78.00', '78.00', '2019-11-13 11:10:56', '2019-11-13 11:10:56'),
(75, 2, '350.00', '98.00', '98.00', '2019-11-13 11:10:56', '2019-11-13 11:10:56'),
(76, 3, '200.00', '78.00', '78.00', '2019-11-13 11:11:22', '2019-11-13 11:11:22'),
(76, 2, '350.00', '98.00', '98.00', '2019-11-13 11:11:22', '2019-11-13 11:11:22'),
(77, 8, '1.00', '3470.00', '3470.00', '2019-11-13 11:12:52', '2019-11-13 11:12:52'),
(77, 9, '5.00', '540.00', '540.00', '2019-11-13 11:12:52', '2019-11-13 11:12:52'),
(78, 4, '5.00', '2560.00', '2560.00', '2019-11-13 11:15:53', '2019-11-13 11:15:53'),
(79, 13, '5.00', '890.00', '890.00', '2019-11-13 11:18:05', '2019-11-13 11:18:05'),
(80, 9, '5.00', '570.00', '570.00', '2019-11-13 11:20:14', '2019-11-13 11:20:14'),
(81, 9, '5.00', '570.00', '570.00', '2019-11-13 11:21:17', '2019-11-13 11:21:17'),
(82, 9, '5.00', '570.00', '570.00', '2019-11-13 11:23:42', '2019-11-13 11:23:42'),
(83, 9, '5.00', '570.00', '570.00', '2019-11-13 11:24:44', '2019-11-13 11:24:44'),
(84, 9, '5.00', '570.00', '570.00', '2019-11-13 11:25:23', '2019-11-13 11:25:23'),
(85, 9, '5.00', '570.00', '570.00', '2019-11-13 11:26:04', '2019-11-13 11:26:04'),
(86, 9, '5.00', '570.00', '570.00', '2019-11-13 11:26:54', '2019-11-13 11:26:54'),
(87, 9, '5.00', '570.00', '570.00', '2019-11-13 11:27:42', '2019-11-13 11:27:42'),
(88, 9, '5.00', '570.00', '570.00', '2019-11-13 11:28:15', '2019-11-13 11:28:15'),
(89, 9, '5.00', '570.00', '570.00', '2019-11-13 11:28:36', '2019-11-13 11:28:36'),
(90, 9, '5.00', '570.00', '570.00', '2019-11-13 11:29:25', '2019-11-13 11:29:25'),
(91, 10, '5.00', '2100.00', '2100.00', '2019-11-13 12:05:00', '2019-11-13 12:05:00'),
(92, 10, '5.00', '2100.00', '2100.00', '2019-11-13 12:05:31', '2019-11-13 12:05:31'),
(93, 10, '5.00', '2100.00', '2100.00', '2019-11-13 12:08:29', '2019-11-13 12:08:29'),
(94, 10, '5.00', '2100.00', '2100.00', '2019-11-13 12:21:53', '2019-11-13 12:21:53'),
(95, 10, '5.00', '2100.00', '2100.00', '2019-11-13 12:22:31', '2019-11-13 12:22:31'),
(96, 1, '45.00', '102.00', '102.00', '2019-11-14 05:57:40', '2019-11-14 05:57:40'),
(96, 2, '600.00', '78.00', '78.00', '2019-11-14 05:57:40', '2019-11-14 05:57:40'),
(97, 1, '45.00', '102.00', '102.00', '2019-11-14 05:58:27', '2019-11-14 05:58:27'),
(97, 2, '600.00', '78.00', '78.00', '2019-11-14 05:58:27', '2019-11-14 05:58:27'),
(98, 1, '45.00', '102.00', '102.00', '2019-11-14 06:00:02', '2019-11-14 06:00:02'),
(98, 2, '600.00', '78.00', '78.00', '2019-11-14 06:00:02', '2019-11-14 06:00:02'),
(99, 1, '45.00', '102.00', '102.00', '2019-11-14 06:00:30', '2019-11-14 06:00:30'),
(99, 2, '600.00', '78.00', '78.00', '2019-11-14 06:00:30', '2019-11-14 06:00:30'),
(100, 1, '45.00', '102.00', '102.00', '2019-11-14 06:05:49', '2019-11-14 06:05:49'),
(100, 2, '600.00', '78.00', '78.00', '2019-11-14 06:05:49', '2019-11-14 06:05:49'),
(101, 1, '45.00', '102.00', '102.00', '2019-11-14 06:07:04', '2019-11-14 06:07:04'),
(101, 2, '600.00', '78.00', '78.00', '2019-11-14 06:07:04', '2019-11-14 06:07:04'),
(102, 1, '45.00', '102.00', '102.00', '2019-11-14 06:07:24', '2019-11-14 06:07:24'),
(102, 2, '600.00', '78.00', '78.00', '2019-11-14 06:07:24', '2019-11-14 06:07:24'),
(103, 1, '45.00', '102.00', '102.00', '2019-11-14 06:08:02', '2019-11-14 06:08:02'),
(103, 2, '600.00', '78.00', '78.00', '2019-11-14 06:08:02', '2019-11-14 06:08:02'),
(104, 1, '45.00', '102.00', '102.00', '2019-11-14 06:18:33', '2019-11-14 06:18:33'),
(104, 2, '600.00', '78.00', '78.00', '2019-11-14 06:18:33', '2019-11-14 06:18:33'),
(105, 1, '45.00', '102.00', '102.00', '2019-11-14 06:19:41', '2019-11-14 06:19:41'),
(105, 2, '600.00', '78.00', '78.00', '2019-11-14 06:19:41', '2019-11-14 06:19:41'),
(106, 1, '45.00', '102.00', '102.00', '2019-11-14 06:20:08', '2019-11-14 06:20:08'),
(106, 2, '600.00', '78.00', '78.00', '2019-11-14 06:20:08', '2019-11-14 06:20:08'),
(107, 1, '45.00', '102.00', '102.00', '2019-11-14 06:31:20', '2019-11-14 06:31:20'),
(107, 2, '600.00', '78.00', '78.00', '2019-11-14 06:31:20', '2019-11-14 06:31:20'),
(108, 1, '45.00', '102.00', '102.00', '2019-11-14 06:31:54', '2019-11-14 06:31:54'),
(108, 2, '600.00', '78.00', '78.00', '2019-11-14 06:31:54', '2019-11-14 06:31:54'),
(109, 1, '45.00', '102.00', '102.00', '2019-11-14 06:32:33', '2019-11-14 06:32:33'),
(109, 2, '600.00', '78.00', '78.00', '2019-11-14 06:32:33', '2019-11-14 06:32:33'),
(110, 1, '200.00', '100.00', '100.00', '2019-11-14 06:33:57', '2019-11-14 06:33:57'),
(111, 12, '20.00', '780.00', '780.00', '2019-11-14 06:39:33', '2019-11-14 06:39:33'),
(111, 14, '20.00', '310.00', '310.00', '2019-11-14 06:39:33', '2019-11-14 06:39:33'),
(111, 13, '10.00', '750.00', '750.00', '2019-11-14 06:39:33', '2019-11-14 06:39:33'),
(112, 11, '5.00', '2210.00', '2210.00', '2019-11-15 05:11:30', '2019-11-15 05:11:30'),
(113, 11, '5.00', '2210.00', '2210.00', '2019-11-15 05:12:05', '2019-11-15 05:12:05'),
(114, 13, '2.00', '820.00', '820.00', '2019-11-15 05:17:10', '2019-11-15 05:17:10'),
(115, 13, '1.00', '820.00', '820.00', '2019-11-15 05:34:24', '2019-11-15 05:34:24'),
(116, 13, '1.00', '820.00', '820.00', '2019-11-15 05:35:27', '2019-11-15 05:35:27'),
(117, 13, '3.00', '810.00', '810.00', '2019-11-15 05:45:16', '2019-11-15 05:45:16'),
(118, 13, '3.00', '810.00', '810.00', '2019-11-15 05:45:31', '2019-11-15 05:45:31'),
(119, 10, '1.00', '1300.00', '1300.00', '2019-11-15 05:49:03', '2019-11-15 05:49:03'),
(119, 12, '3.00', '650.00', '650.00', '2019-11-15 05:49:03', '2019-11-15 05:49:03'),
(120, 10, '1.00', '1300.00', '1300.00', '2019-11-15 05:49:55', '2019-11-15 05:49:55'),
(120, 12, '3.00', '650.00', '650.00', '2019-11-15 05:49:55', '2019-11-15 05:49:55'),
(121, 6, '2.00', '21.00', '21.00', '2019-11-15 05:59:26', '2019-11-15 05:59:26'),
(121, 9, '2.00', '12.00', '12.00', '2019-11-15 05:59:26', '2019-11-15 05:59:26'),
(121, 11, '1.00', '31.00', '31.00', '2019-11-15 05:59:26', '2019-11-15 05:59:26'),
(121, 8, '1.00', '50.00', '50.00', '2019-11-15 05:59:26', '2019-11-15 05:59:26'),
(122, 8, '3.00', '234.00', '234.00', '2019-11-15 08:47:00', '2019-11-15 08:47:00'),
(123, 9, '2.00', '43.00', '43.00', '2019-11-15 09:01:40', '2019-11-15 09:01:40'),
(124, 13, '3.00', '53.00', '53.00', '2019-11-15 09:02:58', '2019-11-15 09:02:58'),
(125, 8, '3.00', '34.00', '34.00', '2019-11-15 09:03:54', '2019-11-15 09:03:54'),
(126, 1, '43.00', '34.00', '34.00', '2019-11-15 09:05:39', '2019-11-15 09:05:39'),
(127, 9, '4.00', '43.00', '43.00', '2019-11-15 09:08:37', '2019-11-15 09:08:37'),
(128, 11, '5.00', '540.00', '540.00', '2019-11-15 09:11:36', '2019-11-15 09:11:36'),
(129, 8, '5.00', '43.00', '43.00', '2019-11-15 09:14:48', '2019-11-15 09:14:48'),
(130, 1, '3.00', '21.00', '21.00', '2019-11-15 09:18:50', '2019-11-15 09:18:50'),
(130, 2, '3.00', '19.00', '19.00', '2019-11-15 09:18:50', '2019-11-15 09:18:50'),
(130, 3, '2.00', '18.00', '18.00', '2019-11-15 09:18:50', '2019-11-15 09:18:50'),
(131, 9, '21.00', '12.00', '12.00', '2019-11-15 09:21:25', '2019-11-15 09:21:25'),
(131, 1, '23.00', '11.00', '11.00', '2019-11-15 09:21:25', '2019-11-15 09:21:25'),
(131, 14, '32.00', '10.00', '10.00', '2019-11-15 09:21:25', '2019-11-15 09:21:25'),
(131, 12, '6.00', '15.00', '15.00', '2019-11-15 09:21:25', '2019-11-15 09:21:25'),
(132, 9, '21.00', '12.00', '12.00', '2019-11-15 09:23:36', '2019-11-15 09:23:36'),
(132, 1, '23.00', '11.00', '11.00', '2019-11-15 09:23:36', '2019-11-15 09:23:36'),
(132, 14, '32.00', '10.00', '10.00', '2019-11-15 09:23:36', '2019-11-15 09:23:36'),
(132, 12, '6.00', '15.00', '15.00', '2019-11-15 09:23:36', '2019-11-15 09:23:36'),
(133, 9, '21.00', '12.00', '12.00', '2019-11-15 09:27:34', '2019-11-15 09:27:34'),
(133, 1, '23.00', '11.00', '11.00', '2019-11-15 09:27:34', '2019-11-15 09:27:34'),
(133, 14, '32.00', '10.00', '10.00', '2019-11-15 09:27:34', '2019-11-15 09:27:34'),
(133, 12, '6.00', '15.00', '15.00', '2019-11-15 09:27:34', '2019-11-15 09:27:34'),
(134, 9, '21.00', '12.00', '12.00', '2019-11-15 09:32:46', '2019-11-15 09:32:46'),
(134, 1, '23.00', '11.00', '11.00', '2019-11-15 09:32:46', '2019-11-15 09:32:46'),
(134, 14, '32.00', '10.00', '10.00', '2019-11-15 09:32:47', '2019-11-15 09:32:47'),
(134, 12, '6.00', '15.00', '15.00', '2019-11-15 09:32:47', '2019-11-15 09:32:47'),
(135, 9, '21.00', '12.00', '12.00', '2019-11-15 09:33:07', '2019-11-15 09:33:07'),
(135, 1, '23.00', '11.00', '11.00', '2019-11-15 09:33:07', '2019-11-15 09:33:07'),
(135, 14, '32.00', '10.00', '10.00', '2019-11-15 09:33:07', '2019-11-15 09:33:07'),
(135, 12, '6.00', '15.00', '15.00', '2019-11-15 09:33:07', '2019-11-15 09:33:07'),
(136, 8, '12.00', '1.00', '1.00', '2019-11-15 16:43:13', '2019-11-15 16:43:13'),
(136, 11, '12.00', '2.00', '2.00', '2019-11-15 16:43:13', '2019-11-15 16:43:13'),
(136, 13, '12.00', '1.00', '1.00', '2019-11-15 16:43:14', '2019-11-15 16:43:14'),
(137, 8, '12.00', '1.00', '1.00', '2019-11-15 16:43:37', '2019-11-15 16:43:37'),
(137, 11, '12.00', '2.00', '2.00', '2019-11-15 16:43:37', '2019-11-15 16:43:37'),
(137, 13, '12.00', '1.00', '1.00', '2019-11-15 16:43:38', '2019-11-15 16:43:38'),
(138, 12, '12.00', '1.00', '1.00', '2019-11-15 16:44:57', '2019-11-15 16:44:57'),
(138, 11, '21.00', '1.00', '1.00', '2019-11-15 16:44:57', '2019-11-15 16:44:57'),
(138, 7, '22.00', '1.00', '1.00', '2019-11-15 16:44:57', '2019-11-15 16:44:57'),
(139, 12, '12.00', '1.00', '1.00', '2019-11-15 16:46:53', '2019-11-15 16:46:53'),
(139, 14, '21.00', '1.00', '1.00', '2019-11-15 16:46:53', '2019-11-15 16:46:53'),
(140, 12, '1.00', '1.00', '1.00', '2019-11-15 16:48:08', '2019-11-15 16:48:08'),
(141, 11, '1.00', '1.00', '1.00', '2019-11-15 16:54:06', '2019-11-15 16:54:06'),
(142, 12, '1.00', '1.00', '1.00', '2019-11-15 16:54:47', '2019-11-15 16:54:47'),
(143, 7, '1.00', '1.00', '1.00', '2019-11-15 16:55:19', '2019-11-15 16:55:19'),
(144, 12, '12.00', '21.00', '21.00', '2019-11-16 05:23:31', '2019-11-16 05:23:31'),
(144, 14, '31.00', '11.00', '11.00', '2019-11-16 05:23:31', '2019-11-16 05:23:31'),
(145, 12, '12.00', '21.00', '21.00', '2019-11-16 05:25:09', '2019-11-16 05:25:09'),
(145, 14, '31.00', '11.00', '11.00', '2019-11-16 05:25:09', '2019-11-16 05:25:09'),
(146, 10, '11.00', '31.00', '31.00', '2019-11-16 05:26:09', '2019-11-16 05:26:09'),
(146, 11, '11.00', '39.00', '39.00', '2019-11-16 05:26:09', '2019-11-16 05:26:09'),
(147, 11, '5.00', '2045.00', '2045.00', '2019-11-16 05:29:36', '2019-11-16 05:29:36'),
(147, 8, '5.00', '3421.00', '3421.00', '2019-11-16 05:29:36', '2019-11-16 05:29:36'),
(148, 9, '12.00', '1.00', '1.00', '2019-11-16 05:32:52', '2019-11-16 05:32:52'),
(149, 10, '12.00', '1.00', '1.00', '2019-11-16 05:33:31', '2019-11-16 05:33:31'),
(150, 1, '1.00', '99.00', '99.00', '2019-11-16 05:42:00', '2019-11-16 05:42:00'),
(151, 12, '1.00', '780.00', '780.00', '2019-11-16 05:42:26', '2019-11-16 05:42:26'),
(152, 1, '1.00', '1.00', '1.00', '2019-11-16 09:35:33', '2019-11-16 09:35:33'),
(153, 1, '1.00', '1.00', '1.00', '2019-11-16 09:36:06', '2019-11-16 09:36:06'),
(154, 1, '1.00', '1.00', '1.00', '2019-11-16 09:37:35', '2019-11-16 09:37:35'),
(155, 1, '1.00', '1.00', '1.00', '2019-11-16 09:37:52', '2019-11-16 09:37:52'),
(156, 1, '1.00', '1.00', '1.00', '2019-11-16 09:39:01', '2019-11-16 09:39:01'),
(157, 11, '12.00', '100.00', '100.00', '2019-11-16 09:44:41', '2019-11-16 09:44:41'),
(157, 7, '21.00', '32.00', '32.00', '2019-11-16 09:44:41', '2019-11-16 09:44:41'),
(157, 6, '10.00', '19.00', '19.00', '2019-11-16 09:44:41', '2019-11-16 09:44:41'),
(158, 8, '1.00', '1.00', '1.00', '2019-11-16 09:46:05', '2019-11-16 09:46:05'),
(159, 8, '1.00', '1.00', '1.00', '2019-11-16 09:48:04', '2019-11-16 09:48:04'),
(160, 14, '1.00', '2.00', '2.00', '2019-11-16 09:51:10', '2019-11-16 09:51:10'),
(160, 11, '1.00', '5.00', '5.00', '2019-11-16 09:51:10', '2019-11-16 09:51:10'),
(160, 5, '1.00', '3.00', '3.00', '2019-11-16 09:51:10', '2019-11-16 09:51:10'),
(161, 8, '2.00', '43.00', '43.00', '2019-11-16 09:52:01', '2019-11-16 09:52:01'),
(162, 8, '4.00', '21.00', '21.00', '2019-11-16 09:55:27', '2019-11-16 09:55:27'),
(162, 14, '2.00', '12.00', '12.00', '2019-11-16 09:55:27', '2019-11-16 09:55:27'),
(163, 1, '8.00', '12.00', '12.00', '2019-11-16 09:58:10', '2019-11-16 09:58:10'),
(163, 8, '8.00', '34.00', '34.00', '2019-11-16 09:58:10', '2019-11-16 09:58:10'),
(164, 1, '8.00', '12.00', '12.00', '2019-11-16 10:01:03', '2019-11-16 10:01:03'),
(164, 8, '8.00', '1.00', '1.00', '2019-11-16 10:01:03', '2019-11-16 10:01:03'),
(165, 1, '8.00', '12.00', '12.00', '2019-11-16 10:01:36', '2019-11-16 10:01:36'),
(165, 8, '8.00', '1.00', '1.00', '2019-11-16 10:01:36', '2019-11-16 10:01:36'),
(166, 1, '5.00', '8.00', '8.00', '2019-11-16 10:49:53', '2019-11-16 10:49:53'),
(166, 2, '10.00', '6.00', '6.00', '2019-11-16 10:49:53', '2019-11-16 10:49:53'),
(166, 3, '5.00', '5.00', '5.00', '2019-11-16 10:49:53', '2019-11-16 10:49:53'),
(167, 12, '20.00', '810.00', '810.00', '2019-11-17 07:46:04', '2019-11-17 07:46:04'),
(167, 13, '10.00', '805.00', '805.00', '2019-11-17 07:46:05', '2019-11-17 07:46:05'),
(167, 11, '5.00', '1900.00', '1900.00', '2019-11-17 07:46:05', '2019-11-17 07:46:05'),
(168, 1, '200.00', '121.00', '121.00', '2019-11-30 06:00:22', '2019-11-30 06:00:22'),
(168, 2, '300.00', '101.00', '101.00', '2019-11-30 06:00:22', '2019-11-30 06:00:22'),
(169, 13, '4.00', '780.00', '780.00', '2019-11-30 06:13:41', '2019-11-30 06:13:41'),
(170, 12, '5.00', '790.00', '790.00', '2019-11-30 06:15:33', '2019-11-30 06:15:33'),
(171, 8, '32.00', '34.00', '34.00', '2019-11-30 06:17:47', '2019-11-30 06:17:47'),
(172, 8, '32.00', '34.00', '34.00', '2019-11-30 06:18:24', '2019-11-30 06:18:24'),
(172, 12, '21.00', '12.00', '12.00', '2019-11-30 06:18:24', '2019-11-30 06:18:24'),
(172, 6, '12.00', '1.00', '1.00', '2019-11-30 06:18:24', '2019-11-30 06:18:24'),
(172, 12, '21.00', '34.00', '34.00', '2019-11-30 06:18:24', '2019-11-30 06:18:24'),
(173, 13, '20.00', '780.00', '780.00', '2019-11-30 06:23:25', '2019-11-30 06:23:25'),
(174, 1, '100.00', '23.00', '23.00', '2019-11-30 06:39:37', '2019-11-30 06:39:37'),
(175, 13, '20.00', '32.00', '32.00', '2019-11-30 06:42:30', '2019-11-30 06:42:30'),
(176, 11, '2.00', '2100.00', '2100.00', '2019-11-30 06:44:18', '2019-11-30 06:44:18'),
(177, 13, '20.00', '2100.00', '2100.00', '2019-11-30 06:45:52', '2019-11-30 06:45:52'),
(178, 8, '20.00', '2100.00', '2100.00', '2019-11-30 06:50:06', '2019-11-30 06:50:06'),
(178, 11, '54.00', '100.00', '100.00', '2019-11-30 06:50:06', '2019-11-30 06:50:06'),
(179, 7, '1.00', '21.00', '21.00', '2019-11-30 09:44:10', '2019-11-30 09:44:10'),
(180, 7, '12.00', '690.00', '690.00', '2019-12-01 06:44:25', '2019-12-01 06:44:25'),
(180, 14, '200.00', '311.00', '311.00', '2019-12-01 06:44:25', '2019-12-01 06:44:25'),
(181, 1, '200.00', '125.00', '125.00', '2019-12-01 10:09:32', '2019-12-01 10:09:32'),
(182, 2, '300.00', '103.00', '103.00', '2019-12-01 10:10:42', '2019-12-01 10:10:42'),
(183, 1, '100.00', '125.00', '125.00', '2019-12-01 10:11:18', '2019-12-01 10:11:18'),
(184, 11, '20.00', '2100.00', '2100.00', '2019-12-02 06:39:10', '2019-12-02 06:39:10'),
(184, 14, '50.00', '310.00', '310.00', '2019-12-02 06:39:10', '2019-12-02 06:39:10'),
(185, 1, '100.00', '117.00', '117.00', '2019-12-03 05:24:03', '2019-12-03 05:24:03'),
(186, 1, '100.00', '117.00', '117.00', '2019-12-03 05:24:39', '2019-12-03 05:24:39'),
(187, 1, '100.00', '123.00', '123.00', '2019-12-03 05:28:55', '2019-12-03 05:28:55'),
(188, 1, '100.00', '131.00', '131.00', '2019-12-03 05:29:49', '2019-12-03 05:29:49'),
(189, 2, '200.00', '100.00', '100.00', '2019-12-03 05:32:33', '2019-12-03 05:32:33'),
(190, 1, '1.00', '133.00', '133.00', '2019-12-03 05:36:34', '2019-12-03 05:36:34'),
(191, 1, '1.00', '133.00', '133.00', '2019-12-03 05:37:29', '2019-12-03 05:37:29'),
(192, 1, '1.00', '131.00', '131.00', '2019-12-03 05:59:17', '2019-12-03 05:59:17'),
(193, 1, '9.00', '134.00', '134.00', '2019-12-03 06:12:21', '2019-12-03 06:12:21'),
(193, 3, '100.00', '87.00', '87.00', '2019-12-03 06:12:21', '2019-12-03 06:12:21'),
(194, 6, '200.00', '312.00', '312.00', '2019-12-03 06:14:23', '2019-12-03 06:14:23'),
(195, 2, '100.00', '100.00', '100.00', '2019-12-03 06:18:50', '2019-12-03 06:18:50'),
(196, 1, '190.00', '133.00', '133.00', '2019-12-03 06:26:43', '2019-12-03 06:26:43'),
(197, 2, '100.00', '100.00', '100.00', '2019-12-03 06:31:48', '2019-12-03 06:31:48'),
(198, 3, '100.00', '89.00', '89.00', '2019-12-03 06:33:46', '2019-12-03 06:33:46'),
(198, 2, '100.00', '100.00', '100.00', '2019-12-03 06:33:46', '2019-12-03 06:33:46'),
(198, 1, '100.00', '132.00', '132.00', '2019-12-03 06:33:46', '2019-12-03 06:33:46'),
(199, 1, '100.00', '119.00', '119.00', '2019-12-03 10:50:09', '2019-12-03 10:50:09'),
(200, 1, '100.00', '119.00', '119.00', '2019-12-03 10:58:07', '2019-12-03 10:58:07'),
(201, 1, '100.00', '119.00', '119.00', '2019-12-03 11:05:27', '2019-12-03 11:05:27'),
(202, 11, '23.00', '321.00', '321.00', '2019-12-03 11:07:54', '2019-12-03 11:07:54'),
(203, 13, '12.00', '21.00', '21.00', '2019-12-03 11:09:54', '2019-12-03 11:09:54'),
(204, 6, '100.00', '230.00', '230.00', '2019-12-04 06:13:46', '2019-12-04 06:13:46'),
(205, 5, '25.00', '880.00', '880.00', '2019-12-04 06:15:28', '2019-12-04 06:15:28'),
(206, 1, '100.00', '123.00', '123.00', '2019-12-04 06:20:49', '2019-12-04 06:20:49'),
(207, 1, '200.00', '132.00', '132.00', '2019-12-04 06:22:19', '2019-12-04 06:22:19'),
(208, 1, '100.00', '124.00', '124.00', '2019-12-04 06:23:20', '2019-12-04 06:23:20'),
(209, 1, '100.00', '131.00', '131.00', '2019-12-04 06:25:05', '2019-12-04 06:25:05'),
(209, 2, '100.00', '91.00', '91.00', '2019-12-04 06:25:05', '2019-12-04 06:25:05'),
(210, 1, '100.00', '131.00', '131.00', '2019-12-04 06:31:08', '2019-12-04 06:31:08'),
(211, 1, '100.00', '131.00', '131.00', '2019-12-04 06:47:27', '2019-12-04 06:47:27'),
(211, 2, '200.00', '91.00', '91.00', '2019-12-04 06:47:28', '2019-12-04 06:47:28'),
(212, 3, '200.00', '87.00', '87.00', '2019-12-04 06:50:31', '2019-12-04 06:50:31'),
(213, 1, '100.00', '131.00', '131.00', '2019-12-04 06:51:23', '2019-12-04 06:51:23'),
(214, 3, '200.00', '85.00', '85.00', '2019-12-04 07:05:59', '2019-12-04 07:05:59'),
(215, 4, '20.00', '3200.00', '3200.00', '2019-12-04 07:10:23', '2019-12-04 07:10:23'),
(215, 5, '20.00', '810.00', '810.00', '2019-12-04 07:10:23', '2019-12-04 07:10:23'),
(216, 4, '50.00', '3100.00', '3100.00', '2019-12-04 07:11:43', '2019-12-04 07:11:43'),
(216, 5, '20.00', '800.00', '800.00', '2019-12-04 07:11:43', '2019-12-04 07:11:43'),
(217, 1, '1.00', '132.00', '132.00', '2019-12-04 10:19:13', '2019-12-04 10:19:13'),
(217, 2, '1.00', '89.00', '89.00', '2019-12-04 10:19:13', '2019-12-04 10:19:13'),
(217, 3, '1.00', '76.00', '76.00', '2019-12-04 10:19:13', '2019-12-04 10:19:13'),
(218, 2, '4.00', '89.00', '89.00', '2019-12-04 10:21:13', '2019-12-04 10:21:13'),
(218, 1, '5.00', '132.00', '132.00', '2019-12-04 10:21:13', '2019-12-04 10:21:13'),
(219, 1, '5.00', '121.00', '121.00', '2019-12-04 10:27:28', '2019-12-04 10:27:28'),
(220, 10, '3.00', '1210.00', '1210.00', '2019-12-04 10:30:49', '2019-12-04 10:30:49'),
(220, 12, '3.00', '1200.00', '1200.00', '2019-12-04 10:30:49', '2019-12-04 10:30:49'),
(220, 11, '2.00', '1300.00', '1300.00', '2019-12-04 10:30:49', '2019-12-04 10:30:49'),
(221, 11, '1.00', '11.00', '11.00', '2019-12-04 10:32:44', '2019-12-04 10:32:44'),
(221, 12, '1.00', '11.00', '11.00', '2019-12-04 10:32:44', '2019-12-04 10:32:44'),
(222, 1, '11.00', '11.00', '11.00', '2019-12-04 10:34:15', '2019-12-04 10:34:15'),
(223, 1, '1.00', '1.00', '1.00', '2019-12-04 10:35:13', '2019-12-04 10:35:13'),
(224, 11, '1.00', '1.00', '1.00', '2019-12-04 10:35:50', '2019-12-04 10:35:50'),
(225, 13, '1.00', '1.00', '1.00', '2019-12-04 10:36:27', '2019-12-04 10:36:27'),
(226, 10, '1.00', '1.00', '1.00', '2019-12-04 10:37:01', '2019-12-04 10:37:01'),
(227, 10, '1.00', '1.00', '1.00', '2019-12-04 10:38:12', '2019-12-04 10:38:12'),
(228, 1, '12.00', '11.00', '11.00', '2019-12-04 10:42:09', '2019-12-04 10:42:09'),
(229, 1, '1.00', '1.00', '1.00', '2019-12-04 10:42:58', '2019-12-04 10:42:58'),
(230, 1, '1.00', '1.00', '1.00', '2019-12-04 10:51:48', '2019-12-04 10:51:48'),
(230, 2, '1.00', '1.00', '1.00', '2019-12-04 10:51:48', '2019-12-04 10:51:48'),
(230, 3, '1.00', '1.00', '1.00', '2019-12-04 10:51:48', '2019-12-04 10:51:48'),
(230, 4, '1.00', '1.00', '1.00', '2019-12-04 10:51:48', '2019-12-04 10:51:48'),
(230, 5, '1.00', '1.00', '1.00', '2019-12-04 10:51:48', '2019-12-04 10:51:48'),
(231, 1, '12.00', '12.00', '12.00', '2019-12-05 06:18:21', '2019-12-05 06:18:21'),
(231, 2, '12.00', '12.00', '12.00', '2019-12-05 06:18:21', '2019-12-05 06:18:21'),
(232, 2, '12.00', '12.00', '12.00', '2019-12-05 06:20:01', '2019-12-05 06:20:01'),
(233, 2, '30.00', '12.00', '12.00', '2019-12-05 06:21:16', '2019-12-05 06:21:16'),
(234, 2, '12.00', '12.00', '12.00', '2019-12-05 06:24:50', '2019-12-05 06:24:50'),
(235, 7, '12.00', '12.00', '12.00', '2019-12-05 06:31:24', '2019-12-05 06:31:24'),
(236, 3, '12.00', '12.00', '12.00', '2019-12-05 16:36:55', '2019-12-05 16:36:55'),
(237, 2, '40.00', '89.00', '89.00', '2019-12-07 05:38:45', '2019-12-07 05:38:45'),
(238, 2, '10.00', '89.00', '89.00', '2019-12-07 05:39:36', '2019-12-07 05:39:36'),
(238, 1, '100.00', '135.00', '135.00', '2019-12-07 05:39:36', '2019-12-07 05:39:36'),
(239, 3, '12.00', '32.00', '32.00', '2019-12-07 05:53:06', '2019-12-07 05:53:06'),
(239, 1, '121.00', '321.00', '321.00', '2019-12-07 05:53:06', '2019-12-07 05:53:06'),
(240, 3, '12.00', '32.00', '32.00', '2019-12-07 05:53:37', '2019-12-07 05:53:37'),
(240, 1, '121.00', '321.00', '321.00', '2019-12-07 05:53:37', '2019-12-07 05:53:37'),
(241, 1, '100.00', '135.00', '135.00', '2019-12-07 06:15:34', '2019-12-07 06:15:34'),
(241, 2, '50.00', '87.00', '87.00', '2019-12-07 06:15:34', '2019-12-07 06:15:34'),
(241, 3, '100.00', '78.00', '78.00', '2019-12-07 06:15:34', '2019-12-07 06:15:34'),
(242, 5, '200.00', '134.00', '134.00', '2019-12-08 10:46:35', '2019-12-08 10:46:35'),
(243, 5, '200.00', '134.00', '134.00', '2019-12-08 10:48:55', '2019-12-08 10:48:55'),
(244, 5, '200.00', '134.00', '134.00', '2019-12-08 10:50:18', '2019-12-08 10:50:18'),
(245, 10, '450.00', '1450.00', '1450.00', '2019-12-08 10:52:08', '2019-12-08 10:52:08'),
(245, 6, '300.00', '430.00', '430.00', '2019-12-08 10:52:08', '2019-12-08 10:52:08'),
(246, 10, '56.00', '3234.00', '3234.00', '2019-12-08 10:52:37', '2019-12-08 10:52:37'),
(247, 11, '21.00', '21.00', '21.00', '2019-12-08 10:53:14', '2019-12-08 10:53:14'),
(247, 9, '32.00', '32.00', '32.00', '2019-12-08 10:53:14', '2019-12-08 10:53:14'),
(247, 13, '32.00', '21.00', '21.00', '2019-12-08 10:53:14', '2019-12-08 10:53:14'),
(248, 13, '8.00', '780.00', '780.00', '2019-12-09 02:30:31', '2019-12-09 02:30:31'),
(248, 6, '200.00', '385.00', '385.00', '2019-12-09 02:30:32', '2019-12-09 02:30:32'),
(248, 14, '250.00', '320.00', '320.00', '2019-12-09 02:30:32', '2019-12-09 02:30:32'),
(248, 7, '25.00', '910.00', '910.00', '2019-12-09 02:30:32', '2019-12-09 02:30:32'),
(249, 6, '5.00', '330.00', '330.00', '2019-12-14 06:43:17', '2019-12-14 06:43:17'),
(249, 13, '1.00', '900.00', '900.00', '2019-12-14 06:43:17', '2019-12-14 06:43:17'),
(249, 14, '2.00', '280.00', '280.00', '2019-12-14 06:43:17', '2019-12-14 06:43:17'),
(250, 6, '2.00', '330.00', '330.00', '2019-12-14 06:47:04', '2019-12-14 06:47:04'),
(250, 11, '1.00', '2100.00', '2100.00', '2019-12-14 06:47:04', '2019-12-14 06:47:04'),
(250, 7, '1.00', '900.00', '900.00', '2019-12-14 06:47:04', '2019-12-14 06:47:04'),
(250, 1, '50.00', '120.00', '120.00', '2019-12-14 06:47:04', '2019-12-14 06:47:04'),
(251, 1, '200.00', '129.00', '129.00', '2020-02-16 11:28:26', '2020-02-16 11:28:26'),
(251, 3, '10.00', '89.00', '89.00', '2020-02-16 11:28:27', '2020-02-16 11:28:27'),
(252, 2, '300.00', '103.00', '103.00', '2020-02-16 11:31:27', '2020-02-16 11:31:27'),
(252, 15, '150.00', '91.00', '91.00', '2020-02-16 11:31:27', '2020-02-16 11:31:27'),
(253, 18, '400.00', '67.00', '67.00', '2020-02-17 09:51:32', '2020-02-17 09:51:32'),
(253, 19, '150.00', '61.00', '61.00', '2020-02-17 09:51:33', '2020-02-17 09:51:33'),
(253, 16, '300.00', '86.00', '86.00', '2020-02-17 09:51:33', '2020-02-17 09:51:33'),
(253, 17, '150.00', '76.00', '76.00', '2020-02-17 09:51:33', '2020-02-17 09:51:33'),
(253, 36, '150.00', '54.00', '54.00', '2020-02-17 09:51:33', '2020-02-17 09:51:33'),
(253, 38, '200.00', '65.00', '65.00', '2020-02-17 09:51:33', '2020-02-17 09:51:33'),
(254, 1, '300.00', '127.00', '127.00', '2020-02-17 10:06:01', '2020-02-17 10:06:01'),
(254, 3, '200.00', '87.00', '87.00', '2020-02-17 10:06:01', '2020-02-17 10:06:01'),
(255, 1, '50.00', '128.00', '128.00', '2020-02-27 06:35:18', '2020-02-27 06:35:18'),
(255, 3, '50.00', '120.00', '120.00', '2020-02-27 06:35:19', '2020-02-27 06:35:19'),
(256, 10, '2.00', '3120.00', '3120.00', '2020-02-27 06:40:04', '2020-02-27 06:40:04'),
(256, 8, '1.00', '3410.00', '3410.00', '2020-02-27 06:40:04', '2020-02-27 06:40:04'),
(257, 1, '250.00', '127.00', '127.00', '2020-02-27 06:46:28', '2020-02-27 06:46:28'),
(257, 46, '300.00', '75.00', '75.00', '2020-02-27 06:46:29', '2020-02-27 06:46:29'),
(258, 3, '50.00', '110.00', '110.00', '2020-02-27 12:53:01', '2020-02-27 12:53:01'),
(258, 46, '900.00', '70.00', '70.00', '2020-02-27 12:53:02', '2020-02-27 12:53:02'),
(258, 1, '600.00', '128.00', '128.00', '2020-02-27 12:53:02', '2020-02-27 12:53:02'),
(258, 16, '250.00', '83.40', '83.40', '2020-02-27 12:53:02', '2020-02-27 12:53:02'),
(258, 17, '200.00', '72.00', '72.00', '2020-02-27 12:53:02', '2020-02-27 12:53:02'),
(260, 24, '300.00', '265.00', '265.00', '2020-03-06 09:06:51', '2020-03-06 09:06:51'),
(260, 25, '300.00', '278.00', '278.00', '2020-03-06 09:06:51', '2020-03-06 09:06:51'),
(260, 4, '40.00', '4130.00', '4130.00', '2020-03-06 09:06:52', '2020-03-06 09:06:52');

-- --------------------------------------------------------

--
-- Table structure for table `purchase_returns`
--

CREATE TABLE `purchase_returns` (
  `purchase_id` int(10) UNSIGNED NOT NULL,
  `supplier_id` int(10) UNSIGNED NOT NULL,
  `amount` decimal(8,2) NOT NULL,
  `created_at` timestamp NULL DEFAULT NULL,
  `updated_at` timestamp NULL DEFAULT NULL
) ENGINE=InnoDB DEFAULT CHARSET=utf8mb4 COLLATE=utf8mb4_unicode_ci;

-- --------------------------------------------------------

--
-- Table structure for table `purchase_return_items`
--

CREATE TABLE `purchase_return_items` (
  `purchase_id` int(10) UNSIGNED NOT NULL,
  `product_id` int(10) UNSIGNED NOT NULL,
  `quantity` decimal(8,2) NOT NULL,
  `unit_price` decimal(8,2) NOT NULL,
  `created_at` timestamp NULL DEFAULT NULL,
  `updated_at` timestamp NULL DEFAULT NULL
) ENGINE=InnoDB DEFAULT CHARSET=utf8mb4 COLLATE=utf8mb4_unicode_ci;

-- --------------------------------------------------------

--
-- Table structure for table `sales`
--

CREATE TABLE `sales` (
  `id` int(10) UNSIGNED NOT NULL,
  `customer_id` int(10) UNSIGNED NOT NULL,
  `amount` decimal(8,2) NOT NULL,
  `payment_type_id` int(10) UNSIGNED NOT NULL,
  `created_at` timestamp NULL DEFAULT NULL,
  `updated_at` timestamp NULL DEFAULT NULL
) ENGINE=InnoDB DEFAULT CHARSET=utf8mb4 COLLATE=utf8mb4_unicode_ci;

--
-- Dumping data for table `sales`
--

INSERT INTO `sales` (`id`, `customer_id`, `amount`, `payment_type_id`, `created_at`, `updated_at`) VALUES
(1, 1, '12500.00', 2, '2019-12-14 10:14:00', '2019-12-14 10:14:00'),
(2, 1, '2140.00', 1, '2019-12-15 06:14:07', '2019-12-15 06:14:07'),
(3, 1, '2280.00', 1, '2019-12-15 06:19:01', '2019-12-15 06:19:01'),
(4, 1, '2280.00', 1, '2019-12-15 06:22:02', '2019-12-15 06:22:02'),
(5, 1, '6380.00', 1, '2019-12-15 06:41:58', '2019-12-15 06:41:58'),
(6, 1, '6380.00', 1, '2019-12-15 06:42:28', '2019-12-15 06:42:28'),
(7, 1, '1175.00', 1, '2019-12-15 07:08:30', '2019-12-15 07:08:30'),
(8, 1, '1175.00', 1, '2019-12-15 07:09:45', '2019-12-15 07:09:45'),
(9, 1, '2350.00', 1, '2019-12-15 07:10:57', '2019-12-15 07:10:57'),
(10, 1, '208900.00', 1, '2019-12-16 04:52:48', '2019-12-16 04:52:48'),
(11, 2, '35210.00', 2, '2019-12-16 05:18:35', '2019-12-16 05:18:35'),
(12, 3, '4890.00', 1, '2019-12-19 06:18:28', '2019-12-19 06:18:28'),
(13, 1, '15810.00', 2, '2020-02-17 05:50:48', '2020-02-17 05:50:48'),
(14, 3, '22800.00', 2, '2020-02-17 09:44:28', '2020-02-17 09:44:28'),
(15, 6, '6900.00', 2, '2020-02-17 10:08:54', '2020-02-17 10:08:54'),
(16, 1, '49350.00', 1, '2020-03-06 05:57:29', '2020-03-06 05:57:29'),
(17, 1, '6750.00', 1, '2020-03-06 06:01:54', '2020-03-06 06:01:54'),
(18, 1, '10350.00', 1, '2020-03-06 08:27:13', '2020-03-06 08:27:13'),
(19, 3, '11100.00', 1, '2020-03-06 08:51:11', '2020-03-06 08:51:11'),
(20, 11, '12100.00', 1, '2020-03-06 08:55:22', '2020-03-06 08:55:22'),
(21, 4, '8600.00', 1, '2020-03-06 09:13:52', '2020-03-06 09:13:52');

-- --------------------------------------------------------

--
-- Table structure for table `sales_items`
--

CREATE TABLE `sales_items` (
  `sales_id` int(10) UNSIGNED NOT NULL,
  `product_id` int(10) UNSIGNED NOT NULL,
  `quantity` decimal(8,2) NOT NULL,
  `sales_price` decimal(8,2) NOT NULL,
  `created_at` timestamp NULL DEFAULT NULL,
  `updated_at` timestamp NULL DEFAULT NULL
) ENGINE=InnoDB DEFAULT CHARSET=utf8mb4 COLLATE=utf8mb4_unicode_ci;

--
-- Dumping data for table `sales_items`
--

INSERT INTO `sales_items` (`sales_id`, `product_id`, `quantity`, `sales_price`, `created_at`, `updated_at`) VALUES
(3, 1, '10.00', '140.00', '2019-12-15 06:19:01', '2019-12-15 06:19:01'),
(4, 1, '10.00', '140.00', '2019-12-15 06:22:02', '2019-12-15 06:22:02'),
(6, 4, '1.00', '3400.00', '2019-12-15 06:42:28', '2019-12-15 06:42:28'),
(6, 5, '1.00', '880.00', '2019-12-15 06:42:28', '2019-12-15 06:42:28'),
(6, 10, '1.00', '2100.00', '2019-12-15 06:42:28', '2019-12-15 06:42:28'),
(7, 1, '5.00', '140.00', '2019-12-15 07:08:30', '2019-12-15 07:08:30'),
(7, 2, '5.00', '95.00', '2019-12-15 07:08:30', '2019-12-15 07:08:30'),
(8, 1, '5.00', '140.00', '2019-12-15 07:09:45', '2019-12-15 07:09:45'),
(8, 2, '5.00', '95.00', '2019-12-15 07:09:45', '2019-12-15 07:09:45'),
(9, 1, '10.00', '140.00', '2019-12-15 07:10:57', '2019-12-15 07:10:57'),
(9, 2, '10.00', '95.00', '2019-12-15 07:10:57', '2019-12-15 07:10:57'),
(10, 6, '100.00', '320.00', '2019-12-16 04:52:48', '2019-12-16 04:52:48'),
(10, 5, '50.00', '860.00', '2019-12-16 04:52:48', '2019-12-16 04:52:48'),
(10, 10, '50.00', '2100.00', '2019-12-16 04:52:48', '2019-12-16 04:52:48'),
(10, 14, '50.00', '270.00', '2019-12-16 04:52:48', '2019-12-16 04:52:48'),
(10, 11, '7.00', '2200.00', '2019-12-16 04:52:48', '2019-12-16 04:52:48'),
(11, 2, '50.00', '87.00', '2019-12-16 05:18:36', '2019-12-16 05:18:36'),
(11, 6, '50.00', '330.00', '2019-12-16 05:18:36', '2019-12-16 05:18:36'),
(11, 10, '6.00', '2100.00', '2019-12-16 05:18:36', '2019-12-16 05:18:36'),
(11, 13, '2.00', '880.00', '2019-12-16 05:18:36', '2019-12-16 05:18:36'),
(12, 11, '1.00', '2200.00', '2019-12-19 06:18:28', '2019-12-19 06:18:28'),
(12, 12, '2.00', '900.00', '2019-12-19 06:18:29', '2019-12-19 06:18:29'),
(12, 7, '1.00', '890.00', '2019-12-19 06:18:29', '2019-12-19 06:18:29'),
(13, 1, '50.00', '132.00', '2020-02-17 05:50:48', '2020-02-17 05:50:48'),
(13, 11, '1.00', '2000.00', '2020-02-17 05:50:48', '2020-02-17 05:50:48'),
(13, 12, '2.00', '880.00', '2020-02-17 05:50:48', '2020-02-17 05:50:48'),
(13, 2, '50.00', '109.00', '2020-02-17 05:50:49', '2020-02-17 05:50:49'),
(14, 6, '25.00', '350.00', '2020-02-17 09:44:28', '2020-02-17 09:44:28'),
(14, 10, '2.00', '3200.00', '2020-02-17 09:44:28', '2020-02-17 09:44:28'),
(14, 14, '5.00', '330.00', '2020-02-17 09:44:28', '2020-02-17 09:44:28'),
(14, 20, '3.00', '2000.00', '2020-02-17 09:44:29', '2020-02-17 09:44:29'),
(15, 18, '100.00', '69.00', '2020-02-17 10:08:54', '2020-02-17 10:08:54'),
(16, 46, '200.00', '78.00', '2020-03-06 05:57:29', '2020-03-06 05:57:29'),
(16, 1, '250.00', '135.00', '2020-03-06 05:57:29', '2020-03-06 05:57:29'),
(17, 1, '50.00', '135.00', '2020-03-06 06:01:54', '2020-03-06 06:01:54'),
(18, 1, '50.00', '133.00', '2020-03-06 08:27:13', '2020-03-06 08:27:13'),
(18, 46, '50.00', '74.00', '2020-03-06 08:27:14', '2020-03-06 08:27:14'),
(19, 46, '150.00', '74.00', '2020-03-06 08:51:11', '2020-03-06 08:51:11'),
(20, 16, '50.00', '86.00', '2020-03-06 08:55:22', '2020-03-06 08:55:22'),
(20, 46, '50.00', '75.00', '2020-03-06 08:55:22', '2020-03-06 08:55:22'),
(20, 17, '50.00', '81.00', '2020-03-06 08:55:22', '2020-03-06 08:55:22'),
(21, 4, '1.00', '4300.00', '2020-03-06 09:13:52', '2020-03-06 09:13:52'),
(21, 6, '3.00', '350.00', '2020-03-06 09:13:52', '2020-03-06 09:13:52'),
(21, 36, '50.00', '65.00', '2020-03-06 09:13:52', '2020-03-06 09:13:52');

-- --------------------------------------------------------

--
-- Table structure for table `stock_moves`
--

CREATE TABLE `stock_moves` (
  `product_id` int(10) UNSIGNED NOT NULL,
  `quantity` decimal(8,2) NOT NULL,
  `from_godowns` int(10) UNSIGNED NOT NULL,
  `to_godowns` int(10) UNSIGNED NOT NULL,
  `created_at` timestamp NULL DEFAULT NULL,
  `updated_at` timestamp NULL DEFAULT NULL
) ENGINE=InnoDB DEFAULT CHARSET=utf8mb4 COLLATE=utf8mb4_unicode_ci;

--
-- Dumping data for table `stock_moves`
--

INSERT INTO `stock_moves` (`product_id`, `quantity`, `from_godowns`, `to_godowns`, `created_at`, `updated_at`) VALUES
(6, '43.00', 2, 1, '2019-12-22 06:32:49', '2019-12-22 06:32:49'),
(14, '50.00', 1, 2, '2019-12-22 06:32:49', '2019-12-22 06:32:49');

-- --------------------------------------------------------

--
-- Table structure for table `suppliers`
--

CREATE TABLE `suppliers` (
  `id` int(10) UNSIGNED NOT NULL,
  `name` varchar(191) COLLATE utf8mb4_unicode_ci NOT NULL,
  `address` varchar(191) COLLATE utf8mb4_unicode_ci NOT NULL,
  `phone` varchar(191) COLLATE utf8mb4_unicode_ci NOT NULL,
  `created_at` timestamp NULL DEFAULT NULL,
  `updated_at` timestamp NULL DEFAULT NULL
) ENGINE=InnoDB DEFAULT CHARSET=utf8mb4 COLLATE=utf8mb4_unicode_ci;

--
-- Dumping data for table `suppliers`
--

INSERT INTO `suppliers` (`id`, `name`, `address`, `phone`, `created_at`, `updated_at`) VALUES
(1, 'Ripon Store', 'Ersordi', '01711324589', '2019-11-05 06:27:53', '2019-11-05 06:27:53'),
(2, 'Rana Store', 'Begum Bazar, Dhaka', '01711234590', '2019-11-05 06:31:56', '2019-11-05 06:31:56'),
(3, 'Mizanur Rahman', 'Vharamara', '01711234321', '2020-02-16 10:10:30', '2020-02-16 10:10:30'),
(4, 'Jibon', 'Chitagong', '01912346598', '2020-02-16 10:11:17', '2020-02-16 10:11:17'),
(5, 'Ripon Store', 'Ersordi', '01711324589', '2019-11-05 06:27:53', '2019-11-05 06:27:53'),
(6, 'Rana Store', 'Begum Bazar, Dhaka', '01711234590', '2019-11-05 06:31:56', '2019-11-05 06:31:56'),
(7, 'Mizanur Rahman', 'Vharamara', '01711234321', '2020-02-16 10:10:30', '2020-02-16 10:10:30'),
(8, 'Jibon', 'Chitagong', '01912346598', '2020-02-16 10:11:17', '2020-02-16 10:11:17'),
(9, 'Ripon Store', 'Ersordi', '01711324589', '2019-11-05 06:27:53', '2019-11-05 06:27:53'),
(10, 'Rana Store', 'Begum Bazar, Dhaka', '01711234590', '2019-11-05 06:31:56', '2019-11-05 06:31:56'),
(11, 'Mizanur Rahman', 'Vharamara', '01711234321', '2020-02-16 10:10:30', '2020-02-16 10:10:30'),
(12, 'Jibon', 'Chitagong', '01912346598', '2020-02-16 10:11:17', '2020-02-16 10:11:17'),
(13, 'Ripon Store', 'Ersordi', '01711324589', '2019-11-05 06:27:53', '2019-11-05 06:27:53'),
(14, 'Rana Store', 'Begum Bazar, Dhaka', '01711234590', '2019-11-05 06:31:56', '2019-11-05 06:31:56'),
(15, 'Mizanur Rahman', 'Vharamara', '01711234321', '2020-02-16 10:10:30', '2020-02-16 10:10:30'),
(16, 'Jibon', 'Chitagong', '01912346598', '2020-02-16 10:11:17', '2020-02-16 10:11:17');

-- --------------------------------------------------------

--
-- Table structure for table `transaction_types`
--

CREATE TABLE `transaction_types` (
  `id` int(10) UNSIGNED NOT NULL,
  `type` varchar(191) COLLATE utf8mb4_unicode_ci NOT NULL,
  `description` varchar(191) COLLATE utf8mb4_unicode_ci NOT NULL,
  `created_at` timestamp NULL DEFAULT NULL,
  `updated_at` timestamp NULL DEFAULT NULL
) ENGINE=InnoDB DEFAULT CHARSET=utf8mb4 COLLATE=utf8mb4_unicode_ci;

--
-- Dumping data for table `transaction_types`
--

INSERT INTO `transaction_types` (`id`, `type`, `description`, `created_at`, `updated_at`) VALUES
(1, 'Initial balance', 'Business Initial balance', '2020-02-25 06:49:25', '2020-02-25 06:49:25'),
(2, 'receipt', 'Received form Cuatomer and other sources ', '2020-02-25 06:52:04', '2020-02-25 06:52:04'),
(3, 'payment', 'Payment to Supplier and other sources', '2020-02-25 06:53:04', '2020-02-25 06:53:04'),
(4, 'cash ', 'cash transaction', '2020-02-25 06:54:41', '2020-02-25 06:54:42'),
(5, 'creadit', 'creadit transaction', '2020-02-25 06:55:00', '2020-02-25 06:55:00'),
(6, 'partial ', 'transaction with partial', '2020-02-25 06:57:06', '2020-02-25 06:57:07'),
(7, 'deposit', 'deposit cash business and bank', '2020-02-25 06:57:03', '2020-02-25 06:57:03'),
(8, 'withdraw', 'cash withdraw from business and bank', '2020-02-25 06:57:59', '2020-02-25 06:58:00'),
(9, 'expanse', 'all kind of maintaince expanse ', '2020-02-25 06:58:41', '2020-02-25 06:58:41'),
(10, 'Income', 'all kind of income', '2020-02-25 06:59:12', '2020-02-25 06:59:12'),
(11, 'Personal', 'all kind of personal expanses', '2020-02-29 05:45:47', '2020-02-29 05:45:47');

-- --------------------------------------------------------

--
-- Table structure for table `users`
--

CREATE TABLE `users` (
  `id` bigint(20) UNSIGNED NOT NULL,
  `name` varchar(191) COLLATE utf8mb4_unicode_ci NOT NULL,
  `email` varchar(191) COLLATE utf8mb4_unicode_ci NOT NULL,
  `email_verified_at` timestamp NULL DEFAULT NULL,
  `password` varchar(191) COLLATE utf8mb4_unicode_ci NOT NULL,
  `remember_token` varchar(100) COLLATE utf8mb4_unicode_ci DEFAULT NULL,
  `created_at` timestamp NULL DEFAULT NULL,
  `updated_at` timestamp NULL DEFAULT NULL
) ENGINE=InnoDB DEFAULT CHARSET=utf8mb4 COLLATE=utf8mb4_unicode_ci;

--
-- Dumping data for table `users`
--

INSERT INTO `users` (`id`, `name`, `email`, `email_verified_at`, `password`, `remember_token`, `created_at`, `updated_at`) VALUES
(1, 'Robiul Islam', 'admin@gmail.com', NULL, '$2y$10$PWtrH7tSVOcjdFMU4RFgvu350Aqf0/LaOgtpr3GQzHdS70ZTl0CMa', NULL, '2019-11-04 03:55:39', '2019-11-04 03:55:39');

--
-- Indexes for dumped tables
--

--
-- Indexes for table `accounts`
--
ALTER TABLE `accounts`
  ADD PRIMARY KEY (`id`);

--
-- Indexes for table `account_payables`
--
ALTER TABLE `account_payables`
  ADD PRIMARY KEY (`id`),
  ADD KEY `account_payables_supplier_id_foreign` (`person_id`);

--
-- Indexes for table `account_receivables`
--
ALTER TABLE `account_receivables`
  ADD PRIMARY KEY (`id`),
  ADD KEY `account_receivables_customer_id_foreign` (`customer_id`);

--
-- Indexes for table `banks`
--
ALTER TABLE `banks`
  ADD PRIMARY KEY (`id`),
  ADD KEY `banks_bank_id_foreign` (`bank_id`);

--
-- Indexes for table `bank_details`
--
ALTER TABLE `bank_details`
  ADD PRIMARY KEY (`id`);

--
-- Indexes for table `cashes`
--
ALTER TABLE `cashes`
  ADD PRIMARY KEY (`id`),
  ADD KEY `cashes_cash_type_id_foreign` (`transaction_id`);

--
-- Indexes for table `cash_payments`
--
ALTER TABLE `cash_payments`
  ADD PRIMARY KEY (`id`),
  ADD KEY `cash_payments_supplier_id_foreign` (`person_id`);

--
-- Indexes for table `cash_receipts`
--
ALTER TABLE `cash_receipts`
  ADD PRIMARY KEY (`id`),
  ADD KEY `cash_receipts_customer_id_foreign` (`customer_id`);

--
-- Indexes for table `cash_types`
--
ALTER TABLE `cash_types`
  ADD PRIMARY KEY (`id`);

--
-- Indexes for table `categories`
--
ALTER TABLE `categories`
  ADD PRIMARY KEY (`id`);

--
-- Indexes for table `customers`
--
ALTER TABLE `customers`
  ADD PRIMARY KEY (`id`);

--
-- Indexes for table `expanses`
--
ALTER TABLE `expanses`
  ADD PRIMARY KEY (`id`),
  ADD KEY `expanses_transaction_id_foreign` (`transaction_id`);

--
-- Indexes for table `failed_jobs`
--
ALTER TABLE `failed_jobs`
  ADD PRIMARY KEY (`id`);

--
-- Indexes for table `godowns`
--
ALTER TABLE `godowns`
  ADD PRIMARY KEY (`id`);

--
-- Indexes for table `inventories`
--
ALTER TABLE `inventories`
  ADD PRIMARY KEY (`id`),
  ADD KEY `inventories_product_id_foreign` (`product_id`),
  ADD KEY `inventories_godowns_id_foreign` (`godowns_id`);

--
-- Indexes for table `migrations`
--
ALTER TABLE `migrations`
  ADD PRIMARY KEY (`id`);

--
-- Indexes for table `password_resets`
--
ALTER TABLE `password_resets`
  ADD KEY `password_resets_email_index` (`email`);

--
-- Indexes for table `payment_types`
--
ALTER TABLE `payment_types`
  ADD PRIMARY KEY (`id`);

--
-- Indexes for table `people`
--
ALTER TABLE `people`
  ADD PRIMARY KEY (`id`);

--
-- Indexes for table `pretty_cashes`
--
ALTER TABLE `pretty_cashes`
  ADD PRIMARY KEY (`id`),
  ADD KEY `pretty_cashes_person_id_foreign` (`person_id`),
  ADD KEY `pretty_cashes_pct_id_foreign` (`pct_id`);

--
-- Indexes for table `pretty_cash_types`
--
ALTER TABLE `pretty_cash_types`
  ADD PRIMARY KEY (`id`);

--
-- Indexes for table `products`
--
ALTER TABLE `products`
  ADD PRIMARY KEY (`id`),
  ADD KEY `products_category_id_foreign` (`category_id`);

--
-- Indexes for table `purchases`
--
ALTER TABLE `purchases`
  ADD PRIMARY KEY (`id`),
  ADD KEY `purchases_supplier_id_foreign` (`person_id`),
  ADD KEY `purchases_payment_type_id_foreign` (`transaction_id`);

--
-- Indexes for table `purchase_items`
--
ALTER TABLE `purchase_items`
  ADD KEY `purchase_items_purchase_id_foreign` (`purchase_id`),
  ADD KEY `purchase_items_product_id_foreign` (`product_id`);

--
-- Indexes for table `purchase_returns`
--
ALTER TABLE `purchase_returns`
  ADD KEY `purchase_returns_purchase_id_foreign` (`purchase_id`),
  ADD KEY `purchase_returns_supplier_id_foreign` (`supplier_id`);

--
-- Indexes for table `purchase_return_items`
--
ALTER TABLE `purchase_return_items`
  ADD KEY `purchase_return_items_purchase_id_foreign` (`purchase_id`),
  ADD KEY `purchase_return_items_product_id_foreign` (`product_id`);

--
-- Indexes for table `sales`
--
ALTER TABLE `sales`
  ADD PRIMARY KEY (`id`),
  ADD KEY `sales_customer_id_foreign` (`customer_id`),
  ADD KEY `sales_payment_type_id_foreign` (`payment_type_id`);

--
-- Indexes for table `sales_items`
--
ALTER TABLE `sales_items`
  ADD KEY `sales_items_sales_id_foreign` (`sales_id`),
  ADD KEY `sales_items_product_id_foreign` (`product_id`);

--
-- Indexes for table `stock_moves`
--
ALTER TABLE `stock_moves`
  ADD KEY `stock_moves_product_id_foreign` (`product_id`),
  ADD KEY `stock_moves_from_godowns_foreign` (`from_godowns`),
  ADD KEY `stock_moves_to_godowns_foreign` (`to_godowns`);

--
-- Indexes for table `suppliers`
--
ALTER TABLE `suppliers`
  ADD PRIMARY KEY (`id`);

--
-- Indexes for table `transaction_types`
--
ALTER TABLE `transaction_types`
  ADD PRIMARY KEY (`id`);

--
-- Indexes for table `users`
--
ALTER TABLE `users`
  ADD PRIMARY KEY (`id`),
  ADD UNIQUE KEY `users_email_unique` (`email`);

--
-- AUTO_INCREMENT for dumped tables
--

--
-- AUTO_INCREMENT for table `accounts`
--
ALTER TABLE `accounts`
  MODIFY `id` int(10) UNSIGNED NOT NULL AUTO_INCREMENT, AUTO_INCREMENT=4000;

--
-- AUTO_INCREMENT for table `account_payables`
--
ALTER TABLE `account_payables`
  MODIFY `id` int(10) UNSIGNED NOT NULL AUTO_INCREMENT, AUTO_INCREMENT=40;

--
-- AUTO_INCREMENT for table `account_receivables`
--
ALTER TABLE `account_receivables`
  MODIFY `id` int(10) UNSIGNED NOT NULL AUTO_INCREMENT, AUTO_INCREMENT=8;

--
-- AUTO_INCREMENT for table `banks`
--
ALTER TABLE `banks`
  MODIFY `id` int(10) UNSIGNED NOT NULL AUTO_INCREMENT, AUTO_INCREMENT=7;

--
-- AUTO_INCREMENT for table `bank_details`
--
ALTER TABLE `bank_details`
  MODIFY `id` int(10) UNSIGNED NOT NULL AUTO_INCREMENT, AUTO_INCREMENT=5;

--
-- AUTO_INCREMENT for table `cashes`
--
ALTER TABLE `cashes`
  MODIFY `id` int(10) UNSIGNED NOT NULL AUTO_INCREMENT, AUTO_INCREMENT=122;

--
-- AUTO_INCREMENT for table `cash_payments`
--
ALTER TABLE `cash_payments`
  MODIFY `id` int(10) UNSIGNED NOT NULL AUTO_INCREMENT, AUTO_INCREMENT=154;

--
-- AUTO_INCREMENT for table `cash_receipts`
--
ALTER TABLE `cash_receipts`
  MODIFY `id` int(10) UNSIGNED NOT NULL AUTO_INCREMENT, AUTO_INCREMENT=9;

--
-- AUTO_INCREMENT for table `cash_types`
--
ALTER TABLE `cash_types`
  MODIFY `id` int(10) UNSIGNED NOT NULL AUTO_INCREMENT, AUTO_INCREMENT=4;

--
-- AUTO_INCREMENT for table `categories`
--
ALTER TABLE `categories`
  MODIFY `id` int(10) UNSIGNED NOT NULL AUTO_INCREMENT, AUTO_INCREMENT=5;

--
-- AUTO_INCREMENT for table `customers`
--
ALTER TABLE `customers`
  MODIFY `id` int(10) UNSIGNED NOT NULL AUTO_INCREMENT, AUTO_INCREMENT=13;

--
-- AUTO_INCREMENT for table `expanses`
--
ALTER TABLE `expanses`
  MODIFY `id` int(10) UNSIGNED NOT NULL AUTO_INCREMENT, AUTO_INCREMENT=9;

--
-- AUTO_INCREMENT for table `failed_jobs`
--
ALTER TABLE `failed_jobs`
  MODIFY `id` bigint(20) UNSIGNED NOT NULL AUTO_INCREMENT;

--
-- AUTO_INCREMENT for table `godowns`
--
ALTER TABLE `godowns`
  MODIFY `id` int(10) UNSIGNED NOT NULL AUTO_INCREMENT, AUTO_INCREMENT=4;

--
-- AUTO_INCREMENT for table `inventories`
--
ALTER TABLE `inventories`
  MODIFY `id` int(10) UNSIGNED NOT NULL AUTO_INCREMENT, AUTO_INCREMENT=32;

--
-- AUTO_INCREMENT for table `migrations`
--
ALTER TABLE `migrations`
  MODIFY `id` int(10) UNSIGNED NOT NULL AUTO_INCREMENT, AUTO_INCREMENT=32;

--
-- AUTO_INCREMENT for table `payment_types`
--
ALTER TABLE `payment_types`
  MODIFY `id` int(10) UNSIGNED NOT NULL AUTO_INCREMENT, AUTO_INCREMENT=4;

--
-- AUTO_INCREMENT for table `people`
--
ALTER TABLE `people`
  MODIFY `id` int(10) UNSIGNED NOT NULL AUTO_INCREMENT, AUTO_INCREMENT=15;

--
-- AUTO_INCREMENT for table `pretty_cashes`
--
ALTER TABLE `pretty_cashes`
  MODIFY `id` int(10) UNSIGNED NOT NULL AUTO_INCREMENT, AUTO_INCREMENT=5;

--
-- AUTO_INCREMENT for table `pretty_cash_types`
--
ALTER TABLE `pretty_cash_types`
  MODIFY `id` int(10) UNSIGNED NOT NULL AUTO_INCREMENT, AUTO_INCREMENT=3;

--
-- AUTO_INCREMENT for table `products`
--
ALTER TABLE `products`
  MODIFY `id` int(10) UNSIGNED NOT NULL AUTO_INCREMENT, AUTO_INCREMENT=81;

--
-- AUTO_INCREMENT for table `purchases`
--
ALTER TABLE `purchases`
  MODIFY `id` int(10) UNSIGNED NOT NULL AUTO_INCREMENT, AUTO_INCREMENT=261;

--
-- AUTO_INCREMENT for table `sales`
--
ALTER TABLE `sales`
  MODIFY `id` int(10) UNSIGNED NOT NULL AUTO_INCREMENT, AUTO_INCREMENT=22;

--
-- AUTO_INCREMENT for table `suppliers`
--
ALTER TABLE `suppliers`
  MODIFY `id` int(10) UNSIGNED NOT NULL AUTO_INCREMENT, AUTO_INCREMENT=17;

--
-- AUTO_INCREMENT for table `transaction_types`
--
ALTER TABLE `transaction_types`
  MODIFY `id` int(10) UNSIGNED NOT NULL AUTO_INCREMENT, AUTO_INCREMENT=12;

--
-- AUTO_INCREMENT for table `users`
--
ALTER TABLE `users`
  MODIFY `id` bigint(20) UNSIGNED NOT NULL AUTO_INCREMENT, AUTO_INCREMENT=2;

--
-- Constraints for dumped tables
--

--
-- Constraints for table `account_payables`
--
ALTER TABLE `account_payables`
  ADD CONSTRAINT `account_payables_supplier_id_foreign` FOREIGN KEY (`person_id`) REFERENCES `people` (`id`);

--
-- Constraints for table `account_receivables`
--
ALTER TABLE `account_receivables`
  ADD CONSTRAINT `account_receivables_customer_id_foreign` FOREIGN KEY (`customer_id`) REFERENCES `customers` (`id`);

--
-- Constraints for table `banks`
--
ALTER TABLE `banks`
  ADD CONSTRAINT `banks_bank_id_foreign` FOREIGN KEY (`bank_id`) REFERENCES `bank_details` (`id`);

--
-- Constraints for table `cashes`
--
ALTER TABLE `cashes`
  ADD CONSTRAINT `cashes_cash_type_id_foreign` FOREIGN KEY (`transaction_id`) REFERENCES `transaction_types` (`id`);

--
-- Constraints for table `cash_payments`
--
ALTER TABLE `cash_payments`
  ADD CONSTRAINT `cash_payments_supplier_id_foreign` FOREIGN KEY (`person_id`) REFERENCES `people` (`id`);

--
-- Constraints for table `cash_receipts`
--
ALTER TABLE `cash_receipts`
  ADD CONSTRAINT `cash_receipts_customer_id_foreign` FOREIGN KEY (`customer_id`) REFERENCES `customers` (`id`);

--
-- Constraints for table `expanses`
--
ALTER TABLE `expanses`
  ADD CONSTRAINT `expanses_transaction_id_foreign` FOREIGN KEY (`transaction_id`) REFERENCES `transaction_types` (`id`);

--
-- Constraints for table `inventories`
--
ALTER TABLE `inventories`
  ADD CONSTRAINT `inventories_godowns_id_foreign` FOREIGN KEY (`godowns_id`) REFERENCES `godowns` (`id`),
  ADD CONSTRAINT `inventories_product_id_foreign` FOREIGN KEY (`product_id`) REFERENCES `products` (`id`);

--
-- Constraints for table `pretty_cashes`
--
ALTER TABLE `pretty_cashes`
  ADD CONSTRAINT `pretty_cashes_pct_id_foreign` FOREIGN KEY (`pct_id`) REFERENCES `pretty_cash_types` (`id`),
  ADD CONSTRAINT `pretty_cashes_person_id_foreign` FOREIGN KEY (`person_id`) REFERENCES `people` (`id`);

--
-- Constraints for table `products`
--
ALTER TABLE `products`
  ADD CONSTRAINT `products_category_id_foreign` FOREIGN KEY (`category_id`) REFERENCES `categories` (`id`);

--
-- Constraints for table `purchases`
--
ALTER TABLE `purchases`
  ADD CONSTRAINT `purchases_payment_type_id_foreign` FOREIGN KEY (`transaction_id`) REFERENCES `transaction_types` (`id`),
  ADD CONSTRAINT `purchases_supplier_id_foreign` FOREIGN KEY (`person_id`) REFERENCES `people` (`id`);

--
-- Constraints for table `purchase_items`
--
ALTER TABLE `purchase_items`
  ADD CONSTRAINT `purchase_items_product_id_foreign` FOREIGN KEY (`product_id`) REFERENCES `products` (`id`),
  ADD CONSTRAINT `purchase_items_purchase_id_foreign` FOREIGN KEY (`purchase_id`) REFERENCES `purchases` (`id`);

--
-- Constraints for table `purchase_returns`
--
ALTER TABLE `purchase_returns`
  ADD CONSTRAINT `purchase_returns_purchase_id_foreign` FOREIGN KEY (`purchase_id`) REFERENCES `purchases` (`id`),
  ADD CONSTRAINT `purchase_returns_supplier_id_foreign` FOREIGN KEY (`supplier_id`) REFERENCES `suppliers` (`id`);

--
-- Constraints for table `purchase_return_items`
--
ALTER TABLE `purchase_return_items`
  ADD CONSTRAINT `purchase_return_items_product_id_foreign` FOREIGN KEY (`product_id`) REFERENCES `products` (`id`),
  ADD CONSTRAINT `purchase_return_items_purchase_id_foreign` FOREIGN KEY (`purchase_id`) REFERENCES `purchases` (`id`);

--
-- Constraints for table `sales`
--
ALTER TABLE `sales`
  ADD CONSTRAINT `sales_customer_id_foreign` FOREIGN KEY (`customer_id`) REFERENCES `customers` (`id`),
  ADD CONSTRAINT `sales_payment_type_id_foreign` FOREIGN KEY (`payment_type_id`) REFERENCES `payment_types` (`id`);

--
-- Constraints for table `sales_items`
--
ALTER TABLE `sales_items`
  ADD CONSTRAINT `sales_items_product_id_foreign` FOREIGN KEY (`product_id`) REFERENCES `products` (`id`),
  ADD CONSTRAINT `sales_items_sales_id_foreign` FOREIGN KEY (`sales_id`) REFERENCES `sales` (`id`);

--
-- Constraints for table `stock_moves`
--
ALTER TABLE `stock_moves`
  ADD CONSTRAINT `stock_moves_from_godowns_foreign` FOREIGN KEY (`from_godowns`) REFERENCES `godowns` (`id`),
  ADD CONSTRAINT `stock_moves_product_id_foreign` FOREIGN KEY (`product_id`) REFERENCES `products` (`id`),
  ADD CONSTRAINT `stock_moves_to_godowns_foreign` FOREIGN KEY (`to_godowns`) REFERENCES `godowns` (`id`);
COMMIT;

/*!40101 SET CHARACTER_SET_CLIENT=@OLD_CHARACTER_SET_CLIENT */;
/*!40101 SET CHARACTER_SET_RESULTS=@OLD_CHARACTER_SET_RESULTS */;
/*!40101 SET COLLATION_CONNECTION=@OLD_COLLATION_CONNECTION */;
